ticket_id,user_id,created_at,issue_type,priority,status,resolution_hours
1,598,2024-12-09 20:10:43,billing,medium,resolved,106.14
2,361,2024-12-03 06:58:26,account,high,resolved,94.03
3,206,2023-03-15 07:00:15,account,low,resolved,48.19
4,169,2025-10-05 11:02:51,account,low,resolved,90.69
5,499,2024-04-23 21:00:15,technical,medium,resolved,113.47
6,350,2024-04-16 22:07:43,billing,low,in_progress,
7,345,2023-05-30 11:03:44,product,low,resolved,60.05
8,352,2025-10-23 01:40:44,technical,low,resolved,46.53
9,228,2024-12-26 12:59:11,account,medium,resolved,110.38
10,552,2024-06-23 06:32:49,billing,high,open,
11,268,2024-05-20 18:23:55,account,low,resolved,57.04
12,345,2025-06-19 00:04:36,product,high,in_progress,
13,415,2023-02-18 17:12:45,technical,medium,resolved,78.22
14,42,2024-09-20 22:13:57,shipping,medium,in_progress,
15,68,2025-10-02 02:45:23,account,low,in_progress,
16,583,2024-11-25 16:17:14,account,low,open,
17,174,2024-08-04 03:43:44,product,low,resolved,2.64
18,503,2023-03-03 14:20:02,technical,low,resolved,66.57
19,267,2023-05-15 08:44:10,billing,high,resolved,114.77
20,263,2025-10-03 00:30:49,account,low,resolved,100.27
21,114,2023-01-09 06:20:25,technical,medium,in_progress,
22,221,2024-02-07 20:28:16,shipping,low,in_progress,
23,498,2024-07-19 19:24:12,shipping,low,resolved,17.3
24,65,2024-04-07 19:32:10,billing,low,resolved,110.15
25,368,2024-01-06 12:31:13,shipping,low,in_progress,
26,441,2025-07-04 20:33:35,technical,low,open,
27,1,2025-06-05 15:01:44,technical,medium,resolved,30.17
28,9,2024-05-19 16:09:30,technical,medium,resolved,28.54
29,149,2023-07-25 00:42:48,billing,low,open,
30,467,2025-06-03 02:13:27,shipping,medium,resolved,42.53
31,498,2025-07-21 11:21:52,technical,low,resolved,16.24
32,497,2024-06-03 19:00:44,technical,medium,resolved,87.43
33,385,2024-08-12 03:50:43,technical,low,resolved,59.97
34,206,2023-09-09 15:01:35,shipping,medium,open,
35,99,2025-12-25 11:52:46,product,high,resolved,91.59
36,467,2024-06-11 07:55:57,technical,low,resolved,104.58
37,185,2023-07-16 22:56:21,shipping,high,in_progress,
38,368,2024-11-22 09:16:56,shipping,medium,resolved,19.83
39,146,2024-01-13 16:12:49,product,low,resolved,41.2
40,34,2024-05-03 09:51:20,shipping,medium,resolved,51.31
41,319,2025-09-04 09:35:26,technical,high,resolved,73.2
42,509,2025-10-25 23:36:58,billing,high,open,
43,197,2024-02-28 13:30:58,account,medium,resolved,48.49
44,149,2023-08-17 09:23:40,account,medium,resolved,68.59
45,171,2025-12-29 15:35:31,billing,low,open,
46,137,2024-08-05 06:51:30,shipping,high,in_progress,
47,3,2023-10-10 00:07:13,account,medium,resolved,11.49
48,368,2025-06-05 03:02:53,account,low,resolved,6.6
49,351,2025-01-06 04:41:09,technical,urgent,open,
50,451,2025-05-24 06:19:07,account,medium,in_progress,
51,161,2025-06-08 13:22:48,product,high,in_progress,
52,275,2023-05-03 05:12:11,technical,low,resolved,33.46
53,196,2024-12-22 23:32:25,technical,medium,resolved,26.61
54,50,2025-03-18 12:30:31,shipping,low,resolved,70.88
55,45,2023-04-14 22:25:21,product,high,resolved,17.2
56,186,2025-08-26 15:45:58,account,low,in_progress,
57,393,2023-07-14 20:27:40,account,low,resolved,8.69
58,374,2024-05-24 04:12:06,account,medium,resolved,108.76
59,522,2025-08-21 04:45:56,billing,low,in_progress,
60,198,2025-04-17 12:55:34,billing,urgent,resolved,51.85
61,198,2025-05-16 16:19:46,account,low,resolved,87.53
62,385,2023-09-27 18:59:13,technical,medium,resolved,115.92
63,118,2025-09-20 19:12:26,shipping,medium,in_progress,
64,120,2023-01-27 00:18:25,account,low,resolved,24.81
65,134,2024-04-12 08:28:49,billing,medium,resolved,90.53
66,404,2024-07-25 06:51:30,account,low,in_progress,
67,142,2025-03-12 15:35:48,account,low,resolved,67.12
68,513,2024-04-25 10:31:26,billing,low,resolved,31.64
69,367,2025-06-29 07:37:53,shipping,high,open,
70,157,2023-12-31 10:29:12,shipping,medium,open,
71,341,2023-07-16 16:13:36,technical,high,resolved,53.2
72,274,2025-09-25 06:28:15,account,high,open,
73,587,2025-05-24 01:42:28,product,high,open,
74,60,2024-09-07 02:38:38,billing,high,resolved,70.83
75,184,2023-06-14 07:00:01,account,low,resolved,38.28
76,524,2025-03-01 16:57:45,shipping,low,in_progress,
77,314,2023-09-03 00:18:53,account,low,resolved,100.15
78,383,2025-07-13 19:39:40,account,medium,resolved,107.9
79,291,2025-03-27 02:47:09,shipping,high,resolved,87.71
80,260,2025-06-28 07:02:19,billing,high,resolved,60.46
81,314,2025-12-01 21:56:04,technical,urgent,resolved,32.19
82,411,2023-06-11 13:06:36,product,low,resolved,119.58
83,134,2023-06-20 04:40:41,product,high,resolved,97.26
84,428,2025-04-17 01:43:50,technical,low,resolved,35.65
85,530,2024-07-29 09:30:48,account,urgent,resolved,78.19
86,251,2024-12-23 13:26:38,shipping,high,in_progress,
87,9,2024-09-22 19:02:37,shipping,low,in_progress,
88,43,2025-10-28 17:45:07,shipping,medium,resolved,8.55
89,204,2025-03-31 18:10:12,product,medium,open,
90,444,2023-08-28 12:26:51,account,low,resolved,110.63
91,408,2024-01-28 11:03:18,account,low,resolved,6.26
92,75,2023-07-14 18:45:59,technical,high,open,
93,60,2023-08-14 12:32:06,shipping,low,in_progress,
94,531,2023-01-08 13:11:49,account,low,resolved,63.93
95,40,2025-06-20 09:43:53,shipping,low,resolved,79.93
96,15,2023-10-22 02:14:16,technical,medium,resolved,6.7
97,89,2023-02-09 19:31:54,shipping,low,resolved,28.74
98,415,2024-08-17 16:13:47,account,urgent,open,
99,403,2024-04-01 19:46:38,technical,medium,in_progress,
100,92,2023-12-14 04:58:39,technical,low,resolved,59.04
101,112,2023-07-03 23:18:34,technical,low,open,
102,119,2025-02-06 03:58:30,account,urgent,resolved,95.13
103,192,2024-12-13 16:00:34,technical,high,resolved,33.01
104,202,2025-03-07 23:59:13,technical,low,open,
105,297,2024-09-02 12:45:11,shipping,urgent,resolved,67.23
106,186,2024-11-29 23:37:38,billing,low,in_progress,
107,115,2025-10-17 21:31:10,technical,medium,resolved,116.21
108,498,2023-07-28 17:05:52,account,medium,resolved,59.14
109,77,2025-12-22 19:56:25,technical,low,in_progress,
110,173,2025-12-03 00:50:51,billing,low,resolved,79.21
111,232,2023-07-22 19:19:57,technical,medium,resolved,36.78
112,483,2025-10-31 14:11:09,billing,high,resolved,88.54
113,551,2025-12-30 12:15:05,technical,medium,resolved,100.2
114,215,2024-01-16 10:04:03,billing,low,resolved,33.99
115,263,2024-10-28 02:04:24,shipping,medium,in_progress,
116,209,2024-07-29 12:57:05,billing,medium,open,
117,66,2024-05-01 04:28:06,billing,high,resolved,15.99
118,46,2024-04-16 09:42:41,billing,low,resolved,34.48
119,482,2023-06-26 13:14:05,product,urgent,resolved,33.56
120,40,2024-10-09 03:56:05,technical,medium,in_progress,
121,297,2023-06-17 07:20:45,billing,high,in_progress,
122,265,2025-07-08 20:44:19,shipping,medium,in_progress,
123,214,2025-12-17 22:38:36,account,medium,open,
124,331,2023-01-22 04:51:13,technical,low,resolved,23.15
125,392,2024-10-09 15:24:43,shipping,low,in_progress,
126,265,2023-04-25 20:59:34,technical,medium,resolved,106.85
127,461,2024-12-06 21:48:13,technical,low,open,
128,143,2025-11-23 19:21:37,shipping,high,resolved,54.71
129,443,2023-09-09 10:26:09,technical,low,open,
130,333,2023-08-07 11:41:00,product,low,resolved,58.31
131,165,2023-07-24 11:25:45,technical,low,in_progress,
132,341,2024-02-22 03:43:31,billing,low,resolved,34.27
133,148,2025-10-29 02:57:32,product,low,resolved,79.96
134,205,2024-05-08 20:10:22,product,medium,open,
135,503,2023-04-28 08:29:01,product,low,resolved,28.21
136,443,2025-09-19 20:06:45,account,medium,in_progress,
137,463,2024-11-04 00:04:58,shipping,low,resolved,62.49
138,77,2025-12-25 18:26:10,technical,low,resolved,29.17
139,390,2024-12-07 23:39:34,technical,low,in_progress,
140,352,2024-10-31 18:25:52,product,high,resolved,119.41
141,46,2025-06-06 16:38:44,shipping,medium,resolved,95.97
142,89,2025-05-25 23:38:40,technical,high,resolved,109.03
143,157,2025-03-13 09:05:57,account,medium,open,
144,196,2024-08-12 06:48:26,shipping,urgent,resolved,109.41
145,414,2023-11-30 17:54:13,billing,medium,resolved,112.41
146,300,2024-03-09 06:48:04,billing,low,in_progress,
147,426,2025-08-05 16:23:37,technical,low,open,
148,592,2025-06-18 14:21:16,shipping,low,resolved,86.5
149,547,2023-12-22 20:40:53,product,high,resolved,83.65
150,100,2024-11-21 23:21:14,product,high,open,
151,374,2023-12-21 01:03:02,product,low,in_progress,
152,267,2024-02-07 09:09:20,billing,low,resolved,83.24
153,34,2024-08-11 18:34:44,billing,low,in_progress,
154,86,2024-06-04 12:23:15,billing,low,resolved,5.15
155,15,2023-11-09 03:30:32,shipping,medium,open,
156,300,2025-07-05 09:07:42,account,low,in_progress,
157,136,2023-10-07 03:28:12,technical,low,resolved,92.56
158,97,2023-12-25 23:11:53,billing,medium,resolved,34.84
159,458,2025-09-11 12:46:31,technical,low,resolved,52.75
160,210,2023-07-29 13:32:15,technical,low,resolved,38.34
161,97,2023-02-05 20:17:14,shipping,low,open,
162,194,2025-07-30 14:14:38,billing,low,in_progress,
163,233,2025-02-16 12:15:21,technical,low,resolved,36.52
164,588,2023-06-01 07:07:46,technical,medium,resolved,35.55
165,1,2025-10-11 14:16:43,product,urgent,resolved,88.48
166,251,2023-01-20 23:51:01,account,high,resolved,42.14
167,388,2023-05-16 18:37:17,product,urgent,open,
168,458,2024-10-23 21:08:58,billing,medium,resolved,7.17
169,591,2023-10-20 20:42:46,technical,medium,resolved,45.01
170,136,2025-03-17 12:47:24,account,high,in_progress,
171,33,2025-09-05 17:53:53,billing,medium,resolved,48.4
172,504,2024-10-11 08:07:39,shipping,low,resolved,32.39
173,1,2025-04-04 22:32:55,account,low,resolved,21.6
174,470,2025-12-27 21:03:05,billing,low,resolved,104.25
175,282,2024-01-15 09:42:59,product,medium,in_progress,
176,499,2023-05-17 00:30:33,technical,medium,open,
177,467,2024-10-20 21:10:08,technical,medium,in_progress,
178,331,2025-08-30 17:08:32,technical,low,resolved,24.14
179,331,2023-06-03 11:32:01,shipping,high,resolved,119.75
180,416,2024-03-22 04:31:15,technical,low,resolved,11.32
181,117,2024-09-12 22:26:19,technical,high,in_progress,
182,396,2025-10-07 16:53:00,billing,low,open,
183,492,2025-06-21 21:30:52,account,high,resolved,110.91
184,376,2023-08-24 09:41:04,shipping,low,resolved,107.88
185,191,2025-08-28 07:31:35,billing,low,resolved,104.4
186,448,2024-07-29 15:54:26,technical,medium,resolved,35.27
187,323,2023-09-17 19:08:05,account,urgent,open,
188,595,2025-08-30 16:15:27,account,medium,resolved,119.84
189,3,2023-04-03 06:35:59,billing,low,in_progress,
190,119,2024-03-18 08:28:17,technical,low,open,
191,86,2024-12-23 02:10:50,technical,high,in_progress,
192,263,2023-04-17 17:32:58,product,low,resolved,38.51
193,152,2024-12-21 16:01:23,account,low,resolved,29.73
194,379,2025-04-10 01:20:32,technical,medium,resolved,19.88
195,444,2024-08-13 18:12:21,account,high,resolved,51.11
196,417,2024-08-22 02:44:58,product,medium,resolved,9.08
197,498,2025-04-28 18:25:53,product,medium,resolved,108.27
198,428,2023-08-30 03:01:30,shipping,low,resolved,5.54
199,551,2023-02-27 01:14:07,account,medium,open,
200,351,2024-02-13 21:19:05,technical,medium,in_progress,
201,73,2025-05-31 05:51:44,technical,high,resolved,119.3
202,115,2025-08-01 20:41:12,shipping,low,open,
203,411,2023-01-22 19:46:13,account,low,resolved,7.42
204,86,2025-06-12 17:08:32,technical,high,resolved,88.75
205,31,2023-11-05 16:43:18,shipping,low,open,
206,197,2023-12-14 14:00:49,shipping,medium,resolved,98.1
207,441,2023-10-24 07:04:30,billing,low,resolved,79.03
208,354,2024-12-05 22:39:30,shipping,low,resolved,103.18
209,322,2025-05-10 02:30:20,shipping,low,open,
210,62,2024-01-09 12:55:52,shipping,low,in_progress,
211,204,2023-12-06 18:44:35,product,high,resolved,87.03
212,324,2024-09-01 10:25:42,technical,medium,in_progress,
213,44,2023-05-20 22:19:26,product,low,resolved,117.55
214,2,2025-09-26 00:31:03,account,medium,open,
215,228,2025-04-14 18:30:06,account,low,resolved,78.99
216,374,2023-10-03 05:15:59,shipping,urgent,in_progress,
217,403,2023-11-05 10:15:31,technical,urgent,open,
218,437,2023-10-27 00:28:25,billing,medium,in_progress,
219,464,2024-11-17 13:03:38,account,medium,in_progress,
220,251,2023-06-29 21:25:31,account,low,open,
221,88,2024-10-22 19:19:06,technical,high,resolved,47.86
222,324,2025-06-09 10:40:20,shipping,low,resolved,4.7
223,553,2024-07-18 11:02:40,billing,medium,resolved,61.55
224,393,2024-07-21 23:08:03,account,medium,resolved,119.69
225,143,2024-11-10 09:12:48,technical,medium,resolved,50.5
226,576,2025-02-12 13:30:57,product,medium,resolved,97.76
227,587,2025-10-30 12:41:55,product,urgent,resolved,41.65
228,451,2023-05-05 07:29:17,technical,high,in_progress,
229,137,2023-01-01 14:41:18,technical,low,resolved,28.09
230,44,2024-12-12 13:31:28,shipping,medium,resolved,56.84
231,209,2025-03-04 17:21:03,account,medium,resolved,42.15
232,202,2024-08-25 01:09:41,technical,low,open,
233,597,2024-12-04 10:46:00,account,low,in_progress,
234,461,2023-01-13 05:15:29,technical,low,resolved,8.79
235,243,2024-08-12 11:27:45,shipping,low,resolved,70.18
236,337,2023-01-16 19:03:46,billing,low,in_progress,
237,106,2025-12-30 08:05:08,account,medium,resolved,59.94
238,11,2025-04-23 04:34:54,account,medium,resolved,8.13
239,245,2023-07-12 08:27:23,billing,medium,in_progress,
240,581,2025-01-03 22:00:22,technical,high,open,
241,528,2024-12-05 00:37:02,shipping,medium,resolved,113.82
242,527,2023-01-08 14:17:30,shipping,high,resolved,12.35
243,100,2023-06-04 01:28:19,product,medium,in_progress,
244,170,2024-06-15 22:18:19,shipping,medium,resolved,41.77
245,394,2025-10-05 12:30:08,product,low,in_progress,
246,43,2025-05-27 17:47:52,account,high,open,
247,7,2023-03-06 14:35:15,account,medium,resolved,71.36
248,534,2024-10-25 22:24:35,technical,low,resolved,31.43
249,361,2024-07-31 18:43:58,technical,medium,in_progress,
250,5,2024-07-13 09:48:23,shipping,urgent,open,
251,548,2024-08-21 16:50:53,billing,urgent,open,
252,111,2025-09-04 03:25:38,technical,medium,resolved,20.31
253,335,2023-09-14 02:01:04,technical,medium,resolved,85.79
254,325,2024-12-14 02:09:44,technical,high,resolved,112.68
255,143,2023-01-07 02:05:32,account,low,resolved,80.06
256,324,2023-02-12 07:46:28,product,low,resolved,48.15
257,592,2024-01-09 19:41:10,account,low,resolved,90.25
258,354,2024-10-08 16:28:28,billing,high,in_progress,
259,397,2024-11-03 06:29:43,billing,medium,in_progress,
260,270,2024-11-19 15:05:41,billing,medium,resolved,10.32
261,474,2024-12-24 03:25:57,billing,high,resolved,6.94
262,400,2024-12-07 11:24:09,account,low,resolved,18.06
263,27,2023-04-09 00:42:16,technical,high,resolved,75.22
264,483,2024-06-23 06:33:42,billing,low,resolved,52.82
265,33,2023-06-28 13:18:24,shipping,low,in_progress,
266,482,2024-05-14 18:39:37,product,low,resolved,5.38
267,200,2023-05-02 03:00:04,technical,low,resolved,33.16
268,146,2023-09-03 12:36:33,technical,medium,resolved,37.58
269,499,2024-05-23 05:36:36,account,high,resolved,71.93
270,471,2025-09-01 06:25:04,technical,low,in_progress,
271,99,2024-06-30 04:12:58,product,medium,resolved,97.45
272,270,2023-02-10 19:19:05,technical,low,resolved,12.44
273,300,2025-05-03 22:00:38,technical,medium,resolved,89.86
274,396,2024-02-09 21:58:07,account,high,resolved,71.15
275,254,2024-12-03 02:41:03,technical,medium,resolved,21.17
276,210,2023-04-23 13:17:03,product,medium,resolved,52.73
277,245,2025-04-29 21:30:29,product,low,open,
278,260,2023-12-20 07:34:56,billing,low,in_progress,
279,297,2025-12-23 05:41:29,billing,medium,resolved,69.88
280,134,2023-12-22 02:35:03,shipping,medium,resolved,4.92
281,228,2023-12-24 11:07:05,technical,high,resolved,66.31
282,392,2023-01-05 23:49:37,technical,medium,in_progress,
283,251,2025-12-04 00:50:59,technical,medium,resolved,102.23
284,258,2023-06-02 19:25:46,shipping,low,open,
285,552,2023-08-06 20:01:18,billing,low,resolved,59.56
286,24,2024-11-03 05:43:11,shipping,low,resolved,110.42
287,564,2025-10-05 18:00:17,technical,medium,resolved,7.22
288,461,2024-06-09 04:42:24,account,low,open,
289,466,2023-10-17 02:35:55,billing,medium,resolved,55.27
290,20,2024-04-11 13:44:47,technical,medium,resolved,14.48
291,230,2023-07-16 00:15:28,billing,medium,resolved,62.47
292,463,2025-09-29 15:45:04,billing,medium,resolved,43.07
293,137,2023-11-03 14:42:31,technical,high,resolved,78.22
294,582,2023-09-26 02:27:20,billing,low,in_progress,
295,383,2025-12-02 21:48:21,technical,low,resolved,14.8
296,315,2024-09-29 14:04:23,account,medium,open,
297,254,2024-06-22 00:55:49,technical,medium,resolved,26.11
298,349,2023-02-28 11:36:27,product,high,resolved,116.31
299,148,2025-02-02 17:05:51,technical,high,open,
300,427,2024-04-22 15:20:02,technical,low,in_progress,
301,149,2025-09-05 09:34:19,technical,low,open,
302,559,2024-02-28 03:30:54,billing,high,open,
303,362,2024-09-08 20:33:29,technical,high,open,
304,198,2023-11-01 16:18:18,account,medium,resolved,93.62
305,373,2024-10-17 20:37:46,technical,low,in_progress,
306,467,2025-11-23 04:30:52,account,high,in_progress,
307,157,2025-07-31 00:13:19,product,medium,open,
308,84,2025-05-17 18:22:23,shipping,medium,resolved,43.96
309,77,2023-02-11 14:41:48,billing,low,open,
310,480,2023-08-13 03:15:47,shipping,high,open,
311,598,2024-05-08 00:12:25,technical,medium,resolved,20.28
312,184,2023-12-19 13:05:13,billing,low,in_progress,
313,6,2025-03-31 15:01:11,technical,low,open,
314,117,2024-05-25 16:45:04,product,medium,open,
315,334,2023-11-06 01:22:29,account,low,resolved,29.78
316,129,2023-12-31 20:25:54,billing,low,resolved,82.85
317,169,2023-05-20 01:13:02,shipping,low,in_progress,
318,376,2023-12-14 13:35:30,product,high,in_progress,
319,341,2025-10-11 04:19:53,billing,high,resolved,27.69
320,572,2023-03-14 11:03:43,technical,low,open,
321,487,2023-04-17 10:18:46,billing,medium,resolved,51.31
322,112,2025-02-26 20:15:34,product,high,resolved,24.4
323,467,2024-05-12 20:37:57,billing,low,resolved,6.12
324,80,2025-11-13 11:43:33,account,low,resolved,100.23
325,428,2025-12-02 09:28:22,shipping,medium,resolved,104.93
326,16,2025-10-31 08:36:09,billing,medium,resolved,24.38
327,61,2025-04-23 01:32:22,product,medium,in_progress,
328,458,2023-01-07 09:47:45,billing,medium,open,
329,112,2025-10-10 09:38:14,technical,urgent,in_progress,
330,234,2024-05-13 13:56:52,technical,high,resolved,89.29
331,164,2024-10-19 08:23:57,billing,low,resolved,101.11
332,427,2025-12-20 05:58:56,account,low,resolved,20.7
333,547,2025-09-18 07:28:50,technical,high,resolved,86.49
334,256,2023-02-21 19:35:14,account,medium,in_progress,
335,471,2025-11-09 08:18:15,product,high,in_progress,
336,351,2024-12-08 06:30:21,billing,medium,open,
337,318,2024-02-28 12:53:52,technical,low,resolved,110.77
338,165,2024-06-06 16:16:55,billing,medium,resolved,72.02
339,587,2023-06-20 22:18:58,account,urgent,resolved,102.1
340,393,2023-12-14 00:31:07,technical,low,resolved,42.38
341,499,2024-05-03 01:35:10,shipping,low,resolved,83.87
342,519,2025-12-29 10:08:19,shipping,low,open,
343,11,2023-09-09 11:50:27,shipping,low,in_progress,
344,451,2024-03-22 19:51:27,product,medium,in_progress,
345,414,2023-03-03 19:10:52,shipping,medium,open,
346,379,2025-12-07 00:26:28,technical,low,resolved,104.26
347,46,2023-11-30 05:34:51,billing,high,in_progress,
348,165,2025-08-15 15:25:31,billing,low,resolved,82.41
349,524,2025-06-19 06:16:26,billing,high,resolved,15.29
350,106,2023-09-10 14:37:08,billing,low,in_progress,
351,426,2024-12-31 21:42:47,product,low,open,
352,484,2023-10-26 06:31:03,billing,high,open,
353,263,2025-04-07 05:34:11,billing,high,resolved,12.2
354,37,2024-01-15 22:13:32,billing,medium,resolved,22.77
355,586,2025-07-02 08:35:25,account,low,in_progress,
356,419,2024-07-14 10:48:31,account,high,resolved,76.82
357,426,2025-11-10 19:04:44,billing,medium,in_progress,
358,482,2023-05-08 13:57:56,account,low,open,
359,169,2023-10-22 14:33:00,shipping,low,resolved,1.33
360,263,2024-09-22 03:48:31,billing,low,in_progress,
361,595,2024-09-14 06:32:34,billing,high,resolved,85.96
362,229,2024-08-07 22:22:59,technical,medium,in_progress,
363,239,2025-03-17 09:16:51,billing,low,resolved,58.13
364,210,2025-08-04 06:21:51,technical,high,resolved,119.85
365,258,2023-03-12 08:05:56,shipping,medium,resolved,2.85
366,274,2024-04-07 16:56:52,shipping,urgent,open,
367,530,2023-10-30 01:41:33,technical,medium,resolved,43.18
368,404,2025-12-18 21:31:21,billing,low,in_progress,
369,297,2025-06-26 06:34:59,account,low,resolved,94.12
370,62,2024-12-14 02:13:20,technical,medium,open,
371,137,2024-07-26 20:24:17,shipping,medium,in_progress,
372,229,2023-03-06 01:46:07,shipping,high,resolved,90.9
373,73,2025-04-25 05:30:12,technical,low,resolved,69.69
374,209,2025-02-21 10:43:16,billing,low,resolved,53.56
375,200,2023-10-22 05:11:32,account,high,resolved,41.13
376,154,2024-11-24 08:07:12,account,low,open,
377,215,2025-07-24 17:01:25,product,medium,resolved,25.87
378,170,2024-12-05 11:43:32,technical,high,resolved,18.07
379,477,2025-03-13 05:04:10,technical,low,resolved,93.19
380,209,2025-07-28 00:43:17,technical,high,resolved,5.28
381,591,2024-12-11 03:00:39,shipping,low,in_progress,
382,576,2025-02-09 17:43:42,billing,medium,resolved,38.11
383,37,2025-01-21 20:11:53,account,low,resolved,4.59
384,210,2024-07-12 11:18:08,account,medium,in_progress,
385,53,2024-12-29 07:19:24,product,low,resolved,74.84
386,128,2025-09-30 03:23:42,product,low,in_progress,
387,274,2025-04-05 14:20:09,account,urgent,in_progress,
388,36,2023-10-25 06:03:44,account,low,resolved,32.79
389,188,2024-07-02 05:24:30,technical,medium,in_progress,
390,119,2024-05-30 01:06:20,billing,urgent,in_progress,
391,31,2023-11-03 01:02:03,account,high,in_progress,
392,335,2023-01-28 05:39:34,billing,medium,resolved,76.99
393,128,2025-01-07 23:48:27,billing,low,in_progress,
394,205,2023-02-18 02:48:49,shipping,low,in_progress,
395,228,2025-06-05 10:49:15,account,medium,in_progress,
396,503,2025-12-01 15:47:56,shipping,medium,resolved,33.82
397,214,2024-02-28 19:50:29,account,medium,resolved,22.52
398,563,2024-09-18 15:31:31,product,medium,in_progress,
399,498,2023-03-16 15:57:59,account,low,open,
400,46,2023-01-06 07:30:18,billing,medium,resolved,96.19
401,266,2024-11-13 04:43:51,billing,low,resolved,63.46
402,556,2023-11-28 05:30:34,billing,medium,in_progress,
403,547,2025-10-30 06:40:00,account,medium,resolved,24.22
404,303,2023-01-08 11:06:09,product,low,resolved,75.99
405,120,2025-12-21 13:41:38,shipping,low,in_progress,
406,449,2024-04-08 02:11:21,billing,low,resolved,64.34
407,397,2023-02-22 02:27:10,shipping,low,resolved,59.98
408,33,2025-12-10 19:42:23,billing,low,resolved,1.52
409,229,2024-09-05 15:32:13,shipping,medium,resolved,116.01
410,214,2024-04-08 19:31:29,shipping,low,resolved,99.14
411,1,2023-02-11 21:29:59,billing,medium,in_progress,
412,39,2023-04-22 13:24:27,account,medium,resolved,65.86
413,6,2023-11-14 12:13:41,technical,medium,resolved,23.42
414,9,2024-02-25 06:01:52,shipping,low,resolved,85.81
415,497,2023-02-26 10:32:20,shipping,low,in_progress,
416,60,2023-02-27 09:06:00,product,low,open,
417,446,2024-11-27 14:51:59,shipping,low,open,
418,92,2025-08-24 12:48:07,account,low,resolved,47.78
419,503,2024-11-29 06:41:38,account,low,resolved,4.07
420,374,2023-09-09 22:29:53,technical,medium,resolved,51.2
421,536,2025-07-09 22:20:44,account,high,resolved,70.13
422,599,2023-02-24 18:04:36,technical,medium,open,
423,117,2024-05-27 00:49:07,technical,low,in_progress,
424,454,2023-10-31 11:57:28,shipping,low,in_progress,
425,241,2023-07-16 07:34:34,billing,high,in_progress,
426,170,2024-08-19 03:10:26,shipping,low,in_progress,
427,231,2025-01-13 06:26:56,technical,medium,resolved,22.65
428,154,2024-06-21 12:39:43,account,medium,in_progress,
429,32,2024-01-08 03:48:55,account,medium,resolved,115.55
430,468,2023-07-08 08:08:18,account,high,resolved,49.45
431,551,2025-07-02 00:43:31,technical,high,in_progress,
432,420,2023-11-09 04:53:52,technical,low,open,
433,458,2025-04-29 21:57:07,technical,medium,open,
434,294,2025-06-04 04:22:14,billing,medium,resolved,92.42
435,486,2024-10-09 04:01:14,technical,low,in_progress,
436,524,2024-04-30 15:08:13,technical,urgent,in_progress,
437,106,2025-04-02 14:06:21,billing,medium,in_progress,
438,234,2023-02-01 11:24:17,product,low,resolved,9.58
439,395,2025-06-26 15:14:03,account,low,open,
440,117,2025-02-20 17:54:27,product,medium,resolved,96.28
441,84,2024-03-11 08:30:07,shipping,medium,in_progress,
442,524,2024-12-23 01:37:46,shipping,low,in_progress,
443,218,2025-03-14 08:30:09,product,low,in_progress,
444,80,2025-05-30 06:46:24,account,medium,in_progress,
445,68,2024-08-16 22:43:52,technical,low,open,
446,230,2024-12-17 03:01:18,account,low,in_progress,
447,117,2023-01-25 06:45:54,billing,high,resolved,83.2
448,32,2025-07-12 06:11:08,technical,medium,resolved,99.75
449,542,2023-10-14 22:53:25,shipping,medium,resolved,4.39
450,42,2024-09-01 08:17:34,billing,low,in_progress,
451,337,2023-06-01 18:07:00,technical,low,in_progress,
452,164,2025-03-12 02:04:22,product,medium,resolved,28.66
453,142,2023-09-07 15:04:10,technical,low,resolved,98.81
454,362,2025-08-25 09:19:51,technical,low,in_progress,
455,267,2024-08-17 18:23:34,technical,high,open,
456,191,2023-07-26 02:26:49,billing,medium,resolved,20.0
457,239,2025-09-12 14:59:56,shipping,high,resolved,115.73
458,4,2024-09-04 09:13:36,shipping,urgent,open,
459,178,2024-04-19 10:22:54,product,urgent,open,
460,50,2025-09-11 21:37:09,technical,high,in_progress,
461,485,2025-03-12 22:36:11,technical,high,open,
462,6,2023-09-27 04:02:08,technical,high,in_progress,
463,291,2024-12-16 08:30:35,account,medium,resolved,62.46
464,169,2024-04-07 02:10:08,technical,high,resolved,112.92
465,275,2025-01-14 21:39:53,technical,low,in_progress,
466,357,2023-03-26 16:27:43,account,urgent,in_progress,
467,119,2023-05-19 05:41:52,product,low,resolved,90.27
468,486,2023-11-22 00:30:29,account,high,open,
469,45,2023-12-13 17:10:22,technical,low,in_progress,
470,596,2025-04-13 21:30:59,shipping,low,open,
471,313,2023-10-13 03:16:23,technical,high,open,
472,426,2024-06-28 17:52:09,shipping,high,resolved,116.48
473,174,2023-06-01 04:36:46,technical,medium,resolved,112.44
474,42,2025-04-15 05:29:39,technical,low,resolved,85.03
475,513,2024-09-01 18:19:08,account,medium,in_progress,
476,157,2025-12-19 07:23:04,technical,low,resolved,100.93
477,519,2023-09-08 06:24:15,shipping,low,in_progress,
478,51,2025-06-29 08:22:57,product,low,resolved,27.94
479,446,2024-12-16 23:41:35,account,urgent,resolved,24.92
480,376,2025-07-07 05:41:01,account,high,resolved,36.16
481,415,2024-02-29 06:53:24,billing,medium,resolved,18.81
482,112,2023-10-20 04:47:20,product,high,open,
483,156,2025-05-28 10:55:35,technical,high,resolved,101.87
484,505,2024-09-11 17:55:27,account,high,in_progress,
485,279,2025-02-20 22:14:04,account,urgent,resolved,6.29
486,528,2025-02-06 07:35:12,technical,medium,resolved,117.45
487,214,2024-10-14 02:53:15,billing,high,resolved,97.54
488,334,2024-09-20 04:37:20,billing,low,in_progress,
489,252,2024-12-15 22:39:15,billing,high,resolved,82.52
490,370,2025-10-18 04:26:39,technical,medium,resolved,98.79
491,480,2024-04-07 08:16:28,shipping,medium,resolved,89.14
492,372,2023-03-04 19:31:27,technical,medium,in_progress,
493,383,2023-05-05 05:01:11,technical,medium,open,
494,590,2025-01-04 12:29:31,account,medium,resolved,82.31
495,177,2025-01-19 06:43:48,billing,medium,resolved,41.27
496,43,2024-08-29 13:24:29,account,medium,in_progress,
497,191,2025-02-08 16:35:57,technical,low,resolved,36.27
498,588,2025-08-22 03:41:56,technical,low,open,
499,181,2025-01-09 23:42:22,technical,low,resolved,73.18
500,528,2025-10-09 05:37:07,account,low,in_progress,
501,170,2024-01-23 10:44:16,account,high,resolved,24.33
502,383,2025-04-16 18:33:11,technical,low,resolved,37.83
503,264,2024-04-20 22:55:02,product,low,open,
504,408,2025-11-06 19:26:44,technical,low,open,
505,114,2025-05-10 23:25:30,billing,low,resolved,2.4
506,442,2024-03-19 00:34:45,account,medium,open,
507,471,2023-01-17 02:07:01,shipping,low,resolved,11.27
508,483,2023-01-04 06:14:25,billing,high,in_progress,
509,6,2025-12-10 08:22:14,shipping,low,in_progress,
510,266,2024-07-09 05:59:49,billing,high,resolved,15.82
511,357,2025-04-09 17:31:56,billing,low,resolved,49.78
512,201,2023-03-10 15:59:43,technical,high,resolved,74.99
513,156,2025-10-16 09:01:00,billing,medium,open,
514,444,2025-08-31 08:13:59,product,low,resolved,32.08
515,169,2023-03-29 14:39:34,account,medium,resolved,94.73
516,327,2024-08-22 23:22:42,product,low,resolved,20.13
517,169,2024-06-07 22:23:08,technical,medium,resolved,90.22
518,365,2024-05-06 09:07:54,billing,low,resolved,55.97
519,44,2024-08-28 00:10:16,technical,medium,resolved,61.6
520,413,2025-01-06 02:09:19,account,low,resolved,105.85
521,349,2023-12-19 13:11:45,billing,medium,resolved,77.8
522,294,2023-06-29 23:05:02,technical,high,resolved,11.27
523,594,2025-11-10 03:18:31,account,urgent,in_progress,
524,20,2024-11-07 08:45:06,billing,medium,open,
525,88,2023-02-03 18:47:14,product,medium,resolved,56.27
526,449,2023-10-09 08:10:58,billing,low,open,
527,138,2024-10-30 19:08:50,technical,urgent,resolved,91.45
528,77,2023-08-04 20:33:53,technical,low,in_progress,
529,361,2024-03-19 14:27:04,shipping,low,resolved,77.19
530,577,2025-11-29 13:27:04,product,medium,resolved,75.71
531,106,2025-04-01 17:35:29,shipping,medium,in_progress,
532,184,2024-06-22 08:07:13,billing,low,resolved,52.87
533,395,2025-10-12 18:48:08,technical,high,resolved,110.42
534,368,2023-11-15 07:43:15,technical,high,open,
535,106,2025-03-22 07:58:44,shipping,low,open,
536,487,2024-12-11 00:15:37,technical,high,in_progress,
537,30,2024-09-11 11:36:29,shipping,medium,resolved,100.14
538,426,2023-04-23 03:34:12,technical,medium,resolved,18.21
539,382,2023-08-05 00:43:11,billing,medium,resolved,87.35
540,169,2023-08-04 07:39:03,shipping,low,resolved,107.56
541,294,2023-09-22 10:29:38,product,medium,resolved,16.9
542,587,2025-07-01 04:32:48,technical,low,resolved,55.91
543,352,2023-01-03 07:06:20,technical,high,open,
544,377,2025-08-20 12:04:40,product,low,in_progress,
545,474,2025-08-01 05:36:31,product,low,in_progress,
546,28,2023-02-26 22:26:01,account,medium,resolved,72.37
547,207,2023-04-28 13:41:10,shipping,medium,open,
548,155,2025-03-09 22:14:32,billing,medium,open,
549,50,2023-07-10 15:07:35,product,high,resolved,71.0
550,207,2025-05-08 17:59:28,technical,low,in_progress,
551,414,2023-11-15 01:42:30,technical,low,resolved,99.73
552,569,2025-07-12 08:33:11,billing,low,in_progress,
553,158,2024-01-17 14:07:25,billing,high,open,
554,566,2024-08-13 04:09:31,account,medium,in_progress,
555,239,2023-08-08 18:31:55,account,medium,resolved,71.32
556,397,2023-12-26 09:05:49,account,medium,resolved,7.05
557,335,2023-04-05 15:37:57,product,low,resolved,108.63
558,333,2024-04-19 00:49:09,technical,medium,in_progress,
559,597,2025-06-03 17:05:08,account,low,resolved,86.36
560,230,2025-03-24 07:28:46,technical,urgent,in_progress,
561,119,2024-07-11 03:27:59,technical,medium,open,
562,93,2023-07-23 20:15:44,billing,low,resolved,37.58
563,93,2025-11-24 04:55:01,account,high,resolved,89.32
564,359,2024-12-06 02:26:19,billing,high,resolved,81.83
565,275,2024-01-02 02:25:03,shipping,low,in_progress,
566,53,2023-03-20 20:51:58,shipping,high,resolved,52.42
567,547,2023-01-03 12:37:31,shipping,low,resolved,7.07
568,73,2025-09-29 19:41:04,technical,low,in_progress,
569,370,2024-04-25 10:04:43,technical,low,resolved,28.88
570,46,2024-09-11 19:00:29,shipping,medium,open,
571,427,2024-12-31 08:48:38,billing,high,in_progress,
572,36,2024-07-09 08:56:21,technical,low,resolved,15.82
573,454,2024-03-29 14:28:19,technical,low,resolved,36.58
574,219,2025-05-18 11:27:23,billing,high,resolved,92.7
575,256,2025-12-26 02:01:08,shipping,medium,resolved,85.75
576,451,2023-11-21 03:28:24,shipping,low,in_progress,
577,128,2025-08-27 08:47:49,billing,low,resolved,78.6
578,543,2025-05-12 10:06:15,account,medium,resolved,37.56
579,503,2023-12-07 17:37:20,shipping,high,resolved,42.65
580,9,2024-10-07 19:32:34,shipping,high,in_progress,
581,270,2023-02-25 00:32:13,billing,urgent,resolved,119.38
582,171,2023-03-22 07:56:15,product,low,resolved,57.96
583,564,2024-02-06 03:55:01,technical,low,resolved,48.17
584,20,2023-03-17 23:55:31,product,medium,open,
585,427,2025-09-16 18:48:51,shipping,medium,open,
586,468,2025-12-06 20:43:41,technical,medium,resolved,58.54
587,534,2023-03-31 12:24:19,billing,medium,resolved,100.51
588,60,2024-12-05 10:38:38,account,medium,in_progress,
589,419,2025-03-05 16:47:55,billing,medium,resolved,5.63
590,92,2024-07-29 11:15:40,product,low,resolved,51.06
591,372,2025-01-08 01:49:15,account,medium,open,
592,20,2025-01-19 20:34:15,product,high,resolved,93.5
593,564,2023-09-12 06:54:13,product,medium,in_progress,
594,204,2023-02-04 14:02:10,shipping,medium,resolved,107.51
595,540,2024-02-20 02:04:25,billing,low,resolved,98.01
596,154,2025-07-29 17:37:42,billing,low,resolved,102.96
597,449,2025-03-12 04:50:18,shipping,high,resolved,4.22
598,79,2025-04-19 10:53:13,product,low,resolved,63.07
599,477,2024-03-18 21:18:15,billing,low,in_progress,
600,221,2023-10-03 12:18:06,billing,low,resolved,58.32
601,251,2025-03-18 18:43:25,product,high,resolved,43.72
602,128,2023-08-23 17:40:20,shipping,medium,resolved,36.5
603,282,2024-12-10 03:35:00,shipping,low,open,
604,28,2025-11-15 20:14:26,billing,medium,resolved,119.74
605,24,2023-08-04 00:34:48,technical,urgent,resolved,19.43
606,218,2024-08-13 18:55:02,shipping,low,in_progress,
607,350,2023-10-29 02:57:14,account,urgent,resolved,46.48
608,61,2024-09-26 12:26:59,shipping,low,resolved,111.37
609,556,2024-01-25 00:20:47,shipping,high,in_progress,
610,555,2025-01-28 00:17:08,account,low,open,
611,129,2023-09-03 05:19:19,technical,high,in_progress,
612,201,2024-07-04 17:47:07,billing,high,resolved,111.19
613,555,2023-04-27 12:18:08,billing,medium,resolved,51.98
614,63,2024-06-11 05:44:26,product,low,resolved,39.11
615,15,2023-06-28 00:17:37,billing,medium,resolved,13.11
616,404,2025-01-28 16:33:31,product,low,resolved,37.25
617,534,2023-04-23 14:47:31,technical,low,in_progress,
618,461,2024-07-28 22:55:57,shipping,medium,resolved,29.21
619,497,2024-03-17 00:56:17,shipping,low,resolved,10.91
620,93,2025-12-25 06:37:30,technical,low,resolved,100.58
621,134,2023-08-11 07:06:53,account,medium,resolved,67.59
622,503,2025-05-04 07:26:22,account,medium,resolved,10.09
623,481,2025-07-14 18:52:02,billing,medium,resolved,35.44
624,177,2025-10-23 13:07:21,account,low,resolved,73.08
625,40,2023-03-16 05:49:55,product,medium,in_progress,
626,397,2023-06-09 17:11:41,technical,medium,resolved,55.85
627,16,2024-01-08 16:47:12,billing,urgent,in_progress,
628,552,2025-03-27 02:16:58,shipping,high,in_progress,
629,128,2023-08-21 23:17:34,shipping,low,resolved,83.44
630,402,2025-03-05 10:34:50,product,high,in_progress,
631,542,2023-02-01 07:56:22,product,low,resolved,17.93
632,262,2024-11-28 13:57:00,technical,low,resolved,28.36
633,374,2025-03-29 13:02:53,billing,high,resolved,93.63
634,513,2024-02-26 21:50:33,product,low,in_progress,
635,395,2025-08-26 08:49:41,technical,medium,resolved,89.89
636,569,2024-01-21 22:28:29,billing,high,resolved,92.02
637,155,2023-02-01 00:29:54,product,high,in_progress,
638,270,2023-09-28 04:00:55,account,low,resolved,72.29
639,231,2025-06-22 19:42:36,technical,high,open,
640,288,2024-03-01 06:13:40,product,high,open,
641,595,2024-07-14 13:18:59,product,high,resolved,6.68
642,509,2024-09-26 17:16:21,billing,high,open,
643,596,2023-02-08 18:44:58,shipping,urgent,open,
644,395,2024-08-04 00:16:18,technical,low,open,
645,218,2024-12-21 15:15:26,technical,high,resolved,77.24
646,146,2023-03-26 08:06:08,technical,medium,resolved,101.59
647,327,2025-09-27 14:18:46,shipping,low,resolved,28.98
648,576,2024-02-27 19:03:43,shipping,medium,resolved,95.11
649,61,2024-01-29 18:27:43,product,urgent,resolved,46.66
650,598,2023-08-02 15:42:15,technical,low,resolved,37.35
651,372,2025-03-05 01:19:30,billing,high,resolved,61.56
652,120,2024-04-18 09:41:16,product,medium,resolved,46.16
653,561,2024-04-03 21:43:15,technical,low,resolved,88.43
654,555,2024-04-29 05:16:21,billing,medium,resolved,81.46
655,335,2023-08-25 16:44:50,billing,low,resolved,104.77
656,392,2024-03-29 18:25:17,shipping,medium,resolved,65.04
657,161,2023-11-28 02:02:59,product,low,open,
658,463,2024-06-09 15:29:14,shipping,low,resolved,119.94
659,542,2024-01-06 08:44:32,technical,medium,resolved,101.94
660,586,2023-02-02 08:15:11,account,low,resolved,65.13
661,177,2024-07-12 04:21:24,billing,medium,resolved,108.65
662,44,2024-07-07 20:43:32,billing,medium,open,
663,426,2024-06-01 02:40:14,billing,medium,in_progress,
664,319,2025-05-22 04:04:50,account,medium,open,
665,176,2024-05-21 06:20:03,shipping,medium,in_progress,
666,504,2024-05-10 22:04:45,technical,high,resolved,85.25
667,56,2025-04-07 07:08:39,shipping,urgent,resolved,32.67
668,470,2024-10-30 04:56:19,shipping,low,open,
669,233,2024-08-05 00:35:21,account,high,resolved,98.18
670,410,2025-03-18 07:13:28,billing,high,open,
671,318,2023-03-31 10:13:56,account,medium,resolved,71.45
672,267,2025-09-28 04:25:37,product,medium,in_progress,
673,205,2024-02-04 23:36:06,billing,low,in_progress,
674,414,2023-07-08 07:40:16,technical,high,resolved,32.57
675,398,2025-02-06 06:56:23,account,high,open,
676,20,2025-01-01 14:56:16,account,high,open,
677,517,2023-05-02 09:10:17,account,medium,resolved,56.59
678,31,2025-05-11 16:41:26,billing,high,resolved,87.21
679,39,2023-10-03 05:26:16,technical,low,open,
680,322,2025-01-17 02:35:01,billing,high,resolved,3.71
681,251,2024-05-02 07:00:27,shipping,medium,resolved,42.67
682,3,2023-05-28 10:15:10,technical,low,in_progress,
683,540,2025-12-26 16:26:34,product,high,open,
684,37,2025-05-06 18:32:19,technical,low,in_progress,
685,79,2023-02-25 15:28:49,billing,urgent,open,
686,66,2025-05-10 13:05:31,billing,low,resolved,76.42
687,295,2024-09-11 21:52:26,shipping,medium,resolved,115.36
688,1,2025-01-12 10:10:10,shipping,urgent,in_progress,
689,414,2025-05-12 10:54:55,billing,high,resolved,56.27
690,451,2025-01-15 08:31:24,product,low,open,
691,582,2024-06-03 07:53:56,shipping,low,in_progress,
692,461,2023-03-06 22:32:43,technical,high,in_progress,
693,331,2024-02-08 01:35:24,product,low,resolved,52.91
694,323,2023-11-24 17:34:33,technical,low,resolved,112.5
695,372,2023-06-02 23:59:38,billing,low,resolved,19.62
696,397,2025-11-20 13:36:13,technical,high,resolved,109.15
697,434,2024-01-22 14:41:50,account,high,in_progress,
698,215,2023-11-09 01:14:59,shipping,medium,in_progress,
699,407,2023-03-15 04:30:52,technical,medium,in_progress,
700,266,2024-10-27 03:17:17,shipping,low,resolved,4.65
701,93,2024-12-01 19:52:47,account,medium,resolved,110.66
702,268,2024-06-28 02:35:12,technical,low,resolved,85.5
703,79,2025-02-15 11:01:48,billing,medium,in_progress,
704,287,2023-08-01 07:57:12,technical,low,resolved,27.87
705,4,2025-04-17 02:03:58,account,low,resolved,61.98
706,499,2023-05-10 11:11:44,shipping,low,resolved,58.57
707,499,2025-04-17 03:32:31,account,medium,in_progress,
708,392,2025-02-13 12:46:07,account,medium,resolved,2.02
709,566,2023-01-23 13:13:21,billing,medium,resolved,68.76
710,460,2025-04-15 16:21:58,billing,medium,resolved,49.44
711,186,2024-07-20 00:59:00,product,low,resolved,27.37
712,198,2025-04-04 16:36:36,shipping,low,in_progress,
713,175,2025-06-26 00:07:12,product,high,resolved,99.64
714,300,2025-06-16 23:22:09,billing,medium,resolved,117.6
715,157,2025-09-15 07:46:32,shipping,low,resolved,42.83
716,426,2023-03-01 21:05:09,billing,low,open,
717,485,2025-09-19 02:46:29,billing,low,resolved,118.53
718,129,2024-03-15 11:17:42,technical,low,open,
719,531,2023-12-06 09:44:49,account,medium,resolved,69.82
720,416,2023-05-16 11:51:23,billing,low,open,
721,186,2023-02-19 10:32:18,product,low,in_progress,
722,399,2023-05-01 17:00:22,account,high,in_progress,
723,599,2023-02-16 14:39:30,billing,high,resolved,103.73
724,137,2023-06-25 16:11:17,technical,medium,resolved,10.91
725,119,2025-11-15 12:31:47,shipping,medium,resolved,92.6
726,522,2023-11-12 08:00:52,billing,medium,resolved,62.05
727,197,2024-01-25 06:20:18,technical,high,in_progress,
728,507,2024-05-02 17:28:33,billing,low,in_progress,
729,454,2023-10-07 06:35:03,technical,urgent,resolved,40.56
730,555,2025-06-17 13:17:55,technical,medium,resolved,46.95
731,254,2024-11-14 03:34:53,product,low,resolved,59.26
732,89,2024-06-05 15:57:04,account,low,resolved,25.85
733,173,2023-12-05 14:35:23,technical,low,resolved,93.84
734,415,2023-12-10 12:31:03,product,medium,in_progress,
735,207,2024-11-04 20:36:24,shipping,high,resolved,27.42
736,477,2023-09-01 02:44:49,billing,low,resolved,106.8
737,295,2025-03-15 16:39:20,technical,urgent,resolved,56.8
738,563,2023-06-03 10:11:32,technical,low,in_progress,
739,376,2024-06-21 18:49:09,account,medium,in_progress,
740,471,2024-07-12 21:27:02,billing,low,open,
741,357,2023-03-13 08:39:56,shipping,low,open,
742,410,2025-09-13 16:51:30,technical,high,open,
743,536,2024-05-27 21:52:09,technical,low,open,
744,595,2025-04-15 11:18:28,billing,high,resolved,30.29
745,161,2024-07-17 00:37:17,product,high,in_progress,
746,291,2024-07-20 07:03:06,product,low,resolved,57.27
747,42,2024-05-15 11:07:22,billing,high,in_progress,
748,4,2024-04-03 03:13:09,technical,low,resolved,64.66
749,566,2024-09-25 13:09:02,shipping,low,resolved,72.65
750,73,2025-09-02 14:33:40,account,low,in_progress,
751,143,2025-04-23 10:40:04,shipping,medium,resolved,45.4
752,80,2023-09-01 15:15:32,billing,low,resolved,89.32
753,324,2023-10-13 05:24:58,shipping,low,open,
754,24,2024-07-23 19:27:46,billing,medium,resolved,73.22
755,318,2025-12-26 04:12:43,technical,medium,resolved,11.27
756,279,2025-07-06 08:25:12,product,medium,open,
757,468,2025-02-11 11:12:04,billing,low,resolved,47.44
758,188,2023-11-26 19:42:00,product,medium,resolved,58.57
759,256,2025-03-10 19:13:53,technical,high,resolved,73.35
760,323,2023-06-20 10:28:21,shipping,urgent,in_progress,
761,388,2023-04-25 12:38:24,technical,urgent,resolved,101.36
762,577,2025-04-18 20:52:01,shipping,medium,resolved,42.79
763,370,2025-10-10 15:25:18,technical,medium,open,
764,427,2023-12-16 09:00:19,product,medium,in_progress,
765,359,2025-02-20 03:11:48,technical,low,resolved,20.71
766,111,2025-01-20 11:54:12,account,medium,open,
767,413,2024-09-29 17:19:11,billing,low,in_progress,
768,487,2024-04-01 03:28:56,shipping,high,resolved,91.88
769,555,2024-07-31 03:42:26,technical,medium,open,
770,275,2024-10-18 17:19:56,shipping,medium,resolved,27.91
771,536,2023-04-13 23:04:15,technical,low,resolved,66.29
772,437,2024-07-24 12:42:51,technical,urgent,resolved,30.11
773,446,2023-05-19 20:46:39,technical,medium,resolved,63.84
774,549,2023-07-03 05:44:27,shipping,medium,in_progress,
775,362,2024-01-09 02:49:31,billing,medium,open,
776,260,2023-04-06 00:40:21,billing,low,resolved,50.09
777,62,2024-08-27 06:32:24,billing,low,open,
778,111,2024-10-18 00:01:01,technical,low,in_progress,
779,79,2024-01-28 14:09:05,technical,high,resolved,91.15
780,468,2025-10-15 03:24:37,technical,medium,in_progress,
781,267,2025-05-02 03:39:26,billing,low,resolved,20.35
782,5,2023-12-02 18:38:27,technical,low,in_progress,
783,581,2023-04-07 21:20:28,account,low,resolved,58.64
784,464,2023-11-30 22:10:53,technical,medium,resolved,62.38
785,218,2025-05-08 15:34:03,shipping,high,resolved,114.15
786,9,2023-10-15 13:39:35,billing,low,in_progress,
787,509,2023-03-28 18:34:24,billing,medium,in_progress,
788,127,2023-03-28 09:34:03,account,medium,open,
789,300,2024-06-12 14:52:20,product,low,resolved,5.99
790,322,2025-01-27 08:25:01,account,high,resolved,5.04
791,234,2023-11-05 12:52:27,technical,low,resolved,97.65
792,497,2024-09-07 22:46:54,technical,medium,resolved,113.94
793,186,2025-03-18 05:12:54,technical,medium,in_progress,
794,514,2023-06-21 13:51:06,product,low,resolved,37.94
795,449,2024-11-25 16:18:04,billing,medium,in_progress,
796,400,2025-04-21 00:14:34,billing,medium,open,
797,295,2025-08-01 05:42:02,technical,low,resolved,79.33
798,576,2025-10-18 04:24:28,technical,medium,resolved,85.76
799,274,2023-11-24 02:27:54,technical,low,in_progress,
800,368,2023-08-16 09:49:43,shipping,high,open,
801,112,2024-03-26 03:43:29,shipping,low,resolved,3.9
802,597,2024-12-02 05:26:32,shipping,low,resolved,52.94
803,187,2023-07-08 11:57:16,shipping,low,in_progress,
804,118,2024-01-17 06:42:33,product,high,resolved,54.27
805,192,2024-08-03 17:24:23,technical,low,in_progress,
806,470,2023-06-21 08:01:13,technical,low,resolved,81.77
807,192,2025-11-17 14:22:00,account,low,resolved,115.43
808,233,2024-11-06 01:30:33,billing,high,open,
809,372,2025-05-14 06:24:47,shipping,medium,resolved,30.0
810,345,2023-05-09 12:13:30,billing,medium,resolved,66.39
811,201,2023-09-13 17:20:06,technical,medium,in_progress,
812,198,2024-04-22 00:40:26,technical,medium,resolved,31.44
813,427,2023-11-08 02:06:25,billing,low,resolved,115.04
814,391,2025-06-22 17:07:20,technical,medium,resolved,63.33
815,120,2024-11-29 03:48:19,product,high,resolved,47.7
816,61,2023-04-10 21:45:01,account,low,in_progress,
817,397,2025-01-19 00:00:28,billing,low,resolved,35.4
818,275,2023-07-16 16:58:53,account,low,resolved,30.56
819,75,2024-07-25 11:11:50,account,medium,resolved,37.77
820,313,2025-09-11 03:33:12,billing,medium,resolved,12.99
821,294,2023-10-20 17:30:19,technical,medium,in_progress,
822,549,2025-01-05 15:54:25,technical,low,in_progress,
823,466,2023-05-25 08:09:21,account,low,resolved,28.74
824,303,2024-01-16 08:50:24,account,medium,resolved,9.35
825,411,2024-12-26 04:58:49,shipping,high,resolved,42.24
826,504,2024-05-06 06:45:50,account,low,resolved,57.21
827,482,2023-04-25 22:15:55,product,medium,open,
828,392,2025-02-04 21:40:20,product,high,in_progress,
829,7,2023-12-03 00:30:27,shipping,low,in_progress,
830,1,2023-08-12 07:30:14,billing,high,open,
831,32,2024-09-08 00:49:30,shipping,low,resolved,33.2
832,114,2023-12-10 20:39:50,product,low,resolved,7.79
833,460,2024-07-03 21:18:58,product,low,resolved,82.95
834,597,2025-07-14 03:47:01,billing,low,resolved,88.45
835,88,2023-07-22 18:08:54,shipping,medium,resolved,40.91
836,486,2025-12-22 17:47:32,technical,medium,resolved,20.61
837,314,2024-08-21 06:28:34,shipping,high,resolved,116.81
838,266,2025-10-15 01:19:58,billing,medium,resolved,60.13
839,467,2023-12-03 03:11:59,product,high,resolved,115.43
840,264,2024-12-26 08:32:55,product,high,open,
841,277,2025-02-06 05:15:14,billing,low,in_progress,
842,373,2025-09-18 21:42:32,technical,low,resolved,20.69
843,466,2024-04-07 06:16:06,billing,low,open,
844,136,2024-04-22 16:05:32,technical,medium,resolved,97.28
845,114,2025-12-30 01:37:15,technical,medium,resolved,115.9
846,549,2024-11-15 10:00:01,technical,low,resolved,2.13
847,33,2024-06-30 05:45:17,account,high,resolved,96.03
848,84,2023-01-30 21:11:31,shipping,low,resolved,97.32
849,43,2024-12-24 01:57:41,product,urgent,resolved,111.15
850,448,2024-10-19 01:03:19,shipping,medium,resolved,50.73
851,16,2025-12-21 04:01:01,shipping,high,resolved,103.64
852,32,2024-09-22 09:18:34,account,low,resolved,107.67
853,385,2023-03-23 19:42:21,technical,medium,open,
854,581,2025-11-05 01:12:43,technical,low,in_progress,
855,398,2023-11-28 01:19:50,shipping,low,resolved,43.49
856,486,2023-10-05 15:49:51,product,low,resolved,77.25
857,142,2023-04-03 00:53:00,billing,medium,resolved,11.1
858,594,2024-01-22 10:39:07,account,medium,in_progress,
859,513,2023-05-22 15:21:34,billing,low,resolved,73.91
860,334,2023-07-16 07:53:18,billing,medium,open,
861,37,2025-01-31 01:42:23,account,medium,resolved,43.6
862,44,2024-05-22 20:03:50,billing,medium,resolved,110.69
863,296,2024-11-16 09:07:39,billing,high,resolved,2.54
864,49,2025-03-13 17:07:38,account,low,resolved,94.44
865,379,2023-12-18 17:14:44,technical,medium,resolved,9.57
866,177,2023-06-28 09:00:51,shipping,high,resolved,27.63
867,508,2023-06-03 20:48:28,billing,medium,resolved,67.98
868,444,2023-09-30 11:41:12,technical,high,open,
869,256,2023-05-02 20:20:04,shipping,low,resolved,37.04
870,559,2024-01-03 10:56:51,account,medium,open,
871,485,2025-03-20 07:06:51,shipping,low,in_progress,
872,219,2023-03-22 19:05:04,technical,medium,resolved,5.29
873,331,2024-07-08 16:58:41,technical,medium,resolved,83.89
874,385,2024-10-17 19:05:54,billing,low,in_progress,
875,192,2024-06-01 10:12:16,billing,medium,resolved,83.66
876,530,2023-04-24 13:03:39,product,high,resolved,67.51
877,551,2025-01-17 02:29:46,shipping,urgent,open,
878,444,2024-09-12 20:52:24,technical,low,resolved,98.0
879,180,2023-10-16 07:03:32,technical,low,resolved,39.95
880,399,2024-08-15 14:15:00,product,medium,resolved,54.33
881,582,2024-09-10 04:53:09,account,medium,resolved,24.41
882,400,2025-04-23 04:31:06,product,medium,in_progress,
883,127,2024-09-26 18:02:20,billing,low,resolved,17.26
884,275,2025-03-05 23:44:45,shipping,medium,resolved,47.09
885,206,2024-10-30 20:07:45,product,medium,resolved,61.65
886,234,2024-04-23 04:13:12,product,high,in_progress,
887,591,2023-08-04 23:09:48,billing,low,resolved,19.29
888,319,2023-11-03 02:17:16,shipping,medium,resolved,72.47
889,128,2025-03-26 08:43:25,shipping,medium,resolved,18.23
890,275,2023-10-29 20:27:52,account,low,open,
891,385,2023-04-05 18:15:02,product,medium,in_progress,
892,300,2025-12-31 16:31:22,shipping,low,resolved,95.83
893,527,2025-10-17 05:44:20,technical,low,in_progress,
894,397,2023-01-15 13:22:57,technical,medium,resolved,113.8
895,392,2024-12-05 20:56:08,technical,low,in_progress,
896,9,2023-12-18 00:05:53,account,medium,open,
897,461,2024-09-16 14:20:08,product,high,resolved,92.52
898,334,2023-08-09 16:40:25,technical,medium,in_progress,
899,399,2025-12-27 11:03:05,shipping,medium,open,
900,279,2025-02-26 08:20:12,billing,low,open,
901,483,2024-04-06 10:42:31,shipping,medium,resolved,19.75
902,282,2025-09-15 05:54:08,shipping,medium,resolved,7.36
903,16,2023-04-17 23:29:22,account,low,resolved,28.76
904,572,2023-10-14 22:22:03,account,medium,resolved,115.89
905,262,2024-01-29 15:12:18,technical,medium,in_progress,
906,106,2023-09-13 17:49:07,product,medium,resolved,41.12
907,136,2023-06-03 21:42:36,billing,low,open,
908,265,2025-01-07 10:17:19,account,low,resolved,20.86
909,220,2024-04-20 02:57:33,product,high,resolved,40.8
910,449,2023-09-28 20:34:53,technical,low,resolved,43.83
911,202,2024-08-30 22:52:04,account,low,resolved,29.82
912,543,2025-12-16 04:58:18,billing,low,open,
913,396,2023-06-12 04:48:51,shipping,high,resolved,54.78
914,393,2025-05-15 03:53:27,billing,high,resolved,11.53
915,50,2025-01-09 02:43:31,product,urgent,resolved,95.18
916,390,2024-09-08 17:36:34,product,medium,resolved,91.29
917,185,2024-09-18 03:50:53,billing,low,resolved,111.54
918,219,2025-07-12 12:07:39,shipping,medium,resolved,82.14
919,31,2023-06-30 17:41:44,shipping,low,resolved,22.74
920,157,2024-12-03 01:27:45,account,medium,resolved,16.2
921,464,2024-01-21 18:09:38,product,low,open,
922,51,2025-03-28 19:19:24,billing,high,in_progress,
923,256,2025-12-21 19:17:34,billing,medium,resolved,16.76
924,243,2025-04-18 00:04:52,billing,low,in_progress,
925,592,2025-04-15 08:11:13,account,low,in_progress,
926,331,2024-02-29 14:45:46,shipping,medium,resolved,72.45
927,428,2024-12-09 09:31:07,account,high,resolved,15.31
928,361,2023-03-31 06:51:14,billing,urgent,resolved,52.8
929,468,2025-06-10 21:46:50,product,low,resolved,107.08
930,230,2024-01-15 13:51:32,account,low,resolved,73.55
931,243,2023-03-07 02:22:56,technical,high,resolved,115.15
932,133,2024-06-04 23:06:47,technical,low,resolved,104.93
933,157,2025-06-13 03:57:05,shipping,low,resolved,67.63
934,334,2025-05-02 18:46:55,shipping,low,resolved,37.97
935,434,2024-09-21 10:56:09,billing,medium,open,
936,451,2025-04-12 01:02:35,technical,low,resolved,76.73
937,367,2025-12-18 17:00:29,product,low,open,
938,138,2025-11-06 19:45:01,billing,low,resolved,30.51
939,337,2025-10-08 12:22:48,product,medium,resolved,34.13
940,397,2025-06-30 22:41:59,technical,high,resolved,35.11
941,119,2025-07-27 01:48:44,account,low,resolved,73.44
942,252,2025-01-27 04:58:42,billing,low,resolved,38.78
943,595,2024-04-13 22:25:31,account,high,in_progress,
944,164,2023-06-13 23:54:14,technical,medium,open,
945,461,2025-10-01 19:57:33,technical,high,resolved,29.53
946,466,2025-02-02 00:16:59,technical,medium,resolved,34.54
947,536,2025-12-17 22:01:23,billing,medium,resolved,2.07
948,79,2025-12-05 00:37:25,account,high,resolved,101.66
949,522,2024-07-01 09:51:24,technical,low,resolved,48.41
950,486,2023-12-06 18:10:51,shipping,medium,in_progress,
951,265,2025-12-14 13:36:36,account,medium,resolved,108.79
952,53,2023-02-26 00:46:08,account,low,resolved,38.28
953,277,2025-06-13 16:54:04,product,low,in_progress,
954,7,2023-04-11 06:22:10,shipping,high,resolved,86.29
955,392,2024-05-21 05:41:05,product,low,open,
956,583,2024-01-08 03:40:44,account,low,open,
957,92,2023-06-13 15:44:48,billing,low,in_progress,
958,350,2025-09-30 18:43:24,technical,low,resolved,42.62
959,40,2024-08-29 17:47:31,shipping,urgent,in_progress,
960,474,2023-12-29 14:21:57,shipping,low,resolved,117.39
961,591,2024-02-15 02:28:24,technical,low,resolved,63.33
962,547,2025-11-05 22:51:46,billing,low,resolved,97.68
963,27,2025-04-14 20:01:06,technical,low,resolved,98.13
964,558,2023-04-08 10:21:37,shipping,urgent,resolved,90.43
965,137,2025-02-18 07:50:22,technical,medium,in_progress,
966,404,2025-08-11 02:13:23,technical,medium,in_progress,
967,458,2023-08-04 16:39:54,account,medium,in_progress,
968,114,2025-12-31 21:27:12,account,low,in_progress,
969,503,2024-03-14 15:09:18,shipping,high,in_progress,
970,555,2025-03-15 22:06:20,account,medium,in_progress,
971,241,2025-04-08 22:00:53,account,high,open,
972,531,2024-10-19 23:21:57,account,low,resolved,68.31
973,322,2023-03-22 06:46:21,technical,low,resolved,94.08
974,92,2023-11-11 10:22:51,billing,medium,resolved,99.26
975,419,2024-05-22 20:32:55,product,low,resolved,73.65
976,540,2025-03-24 19:56:42,technical,high,resolved,76.28
977,474,2025-08-05 10:45:16,technical,low,open,
978,274,2025-01-13 12:58:18,technical,low,in_progress,
979,11,2023-11-04 12:21:29,shipping,high,resolved,77.37
980,165,2023-12-30 02:23:21,billing,low,open,
981,218,2025-06-09 03:52:22,account,low,resolved,109.54
982,362,2024-12-28 14:24:54,billing,medium,resolved,29.26
983,313,2023-11-28 05:20:31,account,high,resolved,7.11
984,4,2024-05-31 16:37:35,technical,medium,resolved,92.45
985,468,2025-06-07 08:40:21,shipping,low,resolved,55.32
986,148,2023-08-29 10:31:50,shipping,low,in_progress,
987,430,2025-10-10 20:30:40,technical,urgent,open,
988,294,2024-09-25 02:09:28,product,high,resolved,77.15
989,37,2025-01-27 11:57:33,account,low,in_progress,
990,234,2024-08-22 00:25:56,shipping,high,open,
991,374,2024-01-09 09:06:41,billing,low,open,
992,522,2024-08-15 02:23:13,technical,medium,resolved,39.63
993,531,2024-07-02 18:01:00,account,medium,in_progress,
994,551,2024-12-16 04:53:36,technical,high,open,
995,119,2023-08-12 01:46:12,billing,low,in_progress,
996,28,2023-02-24 23:25:20,billing,low,open,
997,39,2024-02-07 18:54:45,technical,medium,in_progress,
998,519,2024-12-20 23:15:27,product,low,resolved,20.77
999,191,2025-03-13 14:56:55,billing,low,in_progress,
1000,220,2023-03-20 12:04:25,billing,medium,resolved,34.82
1001,201,2024-07-20 08:26:56,account,medium,resolved,36.79
1002,427,2023-01-25 01:58:32,product,urgent,in_progress,
1003,547,2024-12-09 23:00:16,billing,medium,in_progress,
1004,60,2024-04-13 22:04:33,technical,low,open,
1005,318,2023-03-07 00:18:40,account,high,resolved,65.07
1006,263,2023-01-30 13:30:30,account,medium,in_progress,
1007,200,2023-04-21 19:33:59,billing,low,in_progress,
1008,177,2024-03-28 23:54:58,product,urgent,in_progress,
1009,267,2025-10-15 02:43:05,technical,low,resolved,93.23
1010,267,2025-03-26 14:24:09,billing,low,open,
1011,234,2024-01-02 13:08:57,technical,high,in_progress,
1012,595,2025-04-02 20:53:30,account,medium,resolved,101.6
1013,200,2023-01-18 21:22:10,shipping,medium,resolved,62.43
1014,350,2025-12-23 21:34:11,account,high,resolved,106.86
1015,508,2023-08-02 19:42:17,product,high,resolved,119.38
1016,480,2024-02-20 02:23:12,account,low,open,
1017,451,2024-05-13 16:14:10,shipping,medium,open,
1018,513,2023-06-09 21:42:11,billing,medium,resolved,37.95
1019,390,2024-05-07 04:45:01,shipping,medium,in_progress,
1020,241,2025-04-01 02:48:27,account,high,resolved,93.82
1021,331,2024-01-15 10:14:15,billing,high,resolved,38.73
1022,480,2025-07-08 04:36:32,product,medium,in_progress,
1023,154,2024-11-26 18:24:03,billing,low,in_progress,
1024,446,2025-05-29 14:45:50,shipping,low,resolved,34.96
1025,504,2025-07-22 13:28:38,technical,medium,resolved,18.23
1026,438,2024-09-23 18:41:46,account,low,resolved,8.94
1027,463,2024-10-25 07:31:52,account,urgent,in_progress,
1028,209,2024-08-24 14:24:11,account,medium,resolved,86.73
1029,295,2024-01-17 10:36:17,shipping,low,resolved,100.37
1030,519,2024-01-16 22:03:19,account,medium,resolved,6.98
1031,206,2025-07-09 00:21:45,billing,low,resolved,13.76
1032,543,2024-07-23 13:38:04,technical,high,open,
1033,129,2025-09-26 01:20:34,technical,low,resolved,20.64
1034,243,2025-05-17 08:46:58,billing,medium,resolved,111.11
1035,514,2025-06-11 06:43:08,technical,medium,resolved,41.82
1036,333,2024-07-08 20:28:39,technical,urgent,resolved,63.3
1037,230,2023-05-10 01:07:08,billing,low,resolved,42.98
1038,185,2024-01-25 00:35:03,billing,medium,resolved,11.75
1039,468,2024-05-22 10:39:45,technical,medium,resolved,40.39
1040,164,2023-02-25 13:13:31,billing,medium,resolved,9.77
1041,86,2025-07-11 23:28:04,account,medium,resolved,55.03
1042,368,2025-03-07 22:38:56,technical,medium,in_progress,
1043,420,2024-12-02 05:04:00,account,low,resolved,59.76
1044,184,2025-08-02 15:04:39,account,medium,resolved,91.29
1045,581,2025-10-24 12:09:23,account,high,resolved,13.3
1046,524,2024-04-12 12:47:44,technical,low,in_progress,
1047,536,2023-01-31 21:27:21,technical,high,open,
1048,553,2025-05-20 08:50:35,technical,high,resolved,90.73
1049,513,2023-06-28 00:07:17,account,medium,resolved,118.03
1050,56,2023-01-12 02:37:55,account,low,resolved,56.62
1051,419,2023-09-09 08:09:48,account,medium,resolved,74.77
1052,49,2023-01-29 22:58:48,shipping,low,in_progress,
1053,588,2023-07-26 16:16:15,account,low,resolved,5.9
1054,68,2024-10-20 15:48:12,account,medium,in_progress,
1055,351,2025-06-12 00:45:18,billing,low,resolved,104.33
1056,164,2023-10-18 10:50:43,shipping,low,resolved,14.41
1057,49,2023-11-14 11:00:20,billing,low,in_progress,
1058,427,2024-04-23 16:00:36,technical,high,resolved,83.88
1059,543,2024-01-01 16:20:05,account,high,resolved,44.44
1060,279,2025-11-10 15:37:19,shipping,medium,resolved,110.92
1061,368,2024-07-27 17:03:34,shipping,medium,resolved,43.66
1062,270,2024-04-12 10:53:01,account,low,resolved,72.38
1063,362,2023-07-05 19:20:16,technical,low,open,
1064,267,2025-06-14 15:36:23,billing,low,resolved,98.02
1065,218,2023-02-28 18:13:21,account,low,resolved,32.81
1066,164,2023-10-01 22:31:59,billing,high,open,
1067,196,2024-12-22 15:02:47,shipping,low,in_progress,
1068,296,2023-03-19 16:56:02,product,urgent,resolved,40.61
1069,93,2023-05-02 03:52:22,shipping,low,resolved,98.42
1070,80,2025-10-16 05:26:28,product,urgent,resolved,55.22
1071,315,2024-01-21 23:11:02,account,medium,in_progress,
1072,559,2025-12-28 10:51:09,technical,high,resolved,2.68
1073,477,2025-11-18 22:48:24,account,low,open,
1074,391,2024-07-12 04:43:59,account,medium,resolved,116.56
1075,461,2025-05-10 02:30:33,account,high,open,
1076,555,2025-03-18 02:28:43,technical,low,resolved,95.47
1077,464,2024-06-15 18:21:33,billing,high,in_progress,
1078,524,2023-08-26 08:22:24,billing,low,resolved,55.66
1079,33,2023-04-07 18:23:19,billing,high,resolved,6.04
1080,185,2024-01-23 10:47:09,billing,medium,in_progress,
1081,563,2023-04-21 11:22:53,shipping,urgent,open,
1082,84,2023-03-14 04:30:02,billing,low,resolved,81.27
1083,180,2023-12-11 17:51:40,shipping,medium,in_progress,
1084,106,2024-03-05 11:04:56,technical,low,open,
1085,573,2024-12-19 04:11:53,product,low,resolved,88.19
1086,319,2025-03-11 16:34:04,technical,medium,resolved,32.25
1087,373,2023-09-01 06:23:51,billing,high,resolved,89.99
1088,594,2025-12-07 05:06:29,product,medium,open,
1089,20,2025-03-10 13:55:17,shipping,low,resolved,110.77
1090,291,2023-08-10 06:29:22,billing,medium,resolved,92.36
1091,536,2023-12-23 03:19:11,account,high,open,
1092,196,2025-10-25 02:56:11,shipping,medium,resolved,71.67
1093,50,2023-04-16 12:49:43,shipping,low,resolved,112.12
1094,134,2025-12-15 08:50:52,technical,low,open,
1095,53,2025-06-23 03:22:20,account,high,resolved,74.45
1096,155,2025-10-04 21:10:27,technical,low,in_progress,
1097,133,2025-12-22 02:11:59,billing,medium,in_progress,
1098,437,2025-05-09 21:00:24,technical,high,resolved,80.64
1099,32,2024-11-15 18:53:18,technical,medium,resolved,8.12
1100,446,2025-05-29 23:53:05,technical,low,resolved,96.55
1101,60,2024-05-21 04:53:14,product,low,in_progress,
1102,161,2025-06-06 22:31:02,technical,medium,open,
1103,196,2025-02-14 06:06:29,shipping,high,resolved,49.56
1104,175,2025-11-30 03:14:28,billing,low,resolved,107.47
1105,263,2023-08-01 06:57:09,billing,medium,resolved,69.85
1106,485,2025-06-17 10:31:12,shipping,high,in_progress,
1107,498,2023-01-27 08:53:05,technical,medium,in_progress,
1108,322,2023-09-16 16:50:55,billing,high,resolved,102.27
1109,324,2023-06-25 00:05:01,shipping,urgent,resolved,108.97
1110,508,2023-04-20 15:33:13,technical,medium,in_progress,
1111,46,2023-12-04 22:07:31,billing,low,resolved,25.98
1112,324,2025-11-25 15:45:54,account,low,open,
1113,157,2024-03-16 09:36:36,technical,medium,resolved,1.66
1114,180,2023-07-21 00:26:03,billing,low,open,
1115,51,2025-07-04 17:46:00,billing,medium,open,
1116,51,2024-08-17 23:42:47,billing,medium,resolved,11.81
1117,1,2023-06-01 19:18:41,technical,medium,resolved,27.31
1118,576,2024-05-13 08:33:52,technical,low,in_progress,
1119,205,2023-09-02 20:22:34,product,high,resolved,79.99
1120,230,2024-01-17 08:13:42,technical,high,in_progress,
1121,63,2023-01-18 02:22:56,billing,medium,resolved,8.44
1122,86,2025-08-30 09:44:15,technical,medium,open,
1123,28,2023-01-05 17:57:19,technical,low,resolved,102.35
1124,379,2025-12-15 11:09:21,product,low,resolved,94.0
1125,458,2024-11-22 15:53:56,shipping,medium,resolved,80.25
1126,191,2025-09-10 12:13:45,shipping,medium,resolved,87.1
1127,404,2025-08-01 15:56:24,billing,low,open,
1128,16,2024-05-23 23:16:54,account,low,resolved,25.18
1129,497,2023-01-03 21:21:11,technical,high,resolved,64.9
1130,79,2023-12-26 15:19:53,technical,high,resolved,90.09
1131,480,2023-01-28 18:51:05,technical,medium,open,
1132,191,2024-03-07 23:53:07,billing,low,resolved,50.49
1133,392,2023-03-20 10:29:06,billing,high,resolved,52.14
1134,464,2023-02-28 13:59:08,technical,medium,open,
1135,114,2025-01-22 15:50:29,billing,high,resolved,9.84
1136,351,2023-07-21 18:08:58,product,low,resolved,55.03
1137,468,2024-07-30 21:20:37,technical,medium,resolved,71.96
1138,173,2024-09-13 05:53:15,product,low,open,
1139,129,2025-01-20 19:46:58,technical,medium,resolved,54.96
1140,484,2024-11-21 22:54:01,account,low,in_progress,
1141,7,2025-07-30 23:33:36,technical,medium,open,
1142,587,2025-07-13 22:45:14,technical,low,in_progress,
1143,93,2023-11-30 19:53:31,billing,urgent,resolved,87.4
1144,291,2025-06-13 04:17:11,billing,low,in_progress,
1145,170,2023-09-18 06:27:43,billing,low,open,
1146,528,2024-01-19 18:57:07,billing,medium,in_progress,
1147,270,2023-12-22 15:28:05,shipping,low,resolved,54.42
1148,414,2024-05-06 00:53:46,technical,medium,resolved,11.92
1149,176,2024-08-22 16:48:02,technical,low,resolved,45.44
1150,75,2024-01-22 07:08:35,technical,medium,resolved,17.63
1151,474,2024-12-20 23:19:23,account,low,resolved,69.14
1152,463,2024-08-22 04:17:20,technical,high,resolved,36.0
1153,267,2025-11-18 20:48:03,account,medium,resolved,106.0
1154,297,2025-05-21 11:13:35,account,medium,resolved,80.67
1155,377,2025-02-17 08:35:24,shipping,high,in_progress,
1156,194,2023-09-12 19:33:53,billing,high,open,
1157,337,2023-06-20 05:22:05,account,urgent,open,
1158,411,2023-06-11 18:03:03,product,low,open,
1159,377,2023-07-02 02:39:27,technical,medium,open,
1160,129,2023-03-28 10:36:04,billing,low,open,
1161,514,2024-10-24 10:35:33,product,low,resolved,48.05
1162,420,2023-11-07 23:30:39,technical,low,resolved,38.58
1163,337,2024-01-15 09:20:54,account,medium,resolved,86.8
1164,376,2025-02-02 05:47:35,shipping,urgent,resolved,106.48
1165,598,2024-09-04 17:45:01,shipping,low,resolved,1.85
1166,20,2024-09-17 06:22:46,product,low,resolved,27.66
1167,15,2024-08-06 20:56:23,technical,urgent,open,
1168,84,2024-09-19 08:04:01,technical,medium,resolved,20.13
1169,416,2025-12-30 17:09:04,product,high,open,
1170,566,2024-02-22 13:11:14,shipping,high,in_progress,
1171,485,2023-05-08 10:50:52,account,medium,resolved,54.86
1172,572,2025-02-12 06:40:59,account,low,resolved,50.97
1173,296,2024-01-26 07:17:49,shipping,low,open,
1174,291,2025-05-31 09:16:49,billing,medium,resolved,91.37
1175,201,2025-12-15 22:26:08,billing,medium,resolved,93.5
1176,300,2025-03-07 03:10:04,billing,urgent,open,
1177,434,2024-07-04 17:28:55,billing,low,open,
1178,295,2025-05-24 09:17:41,account,low,resolved,71.73
1179,454,2024-04-04 05:53:52,technical,medium,resolved,51.39
1180,595,2023-06-17 19:50:27,product,high,resolved,107.97
1181,555,2023-03-21 00:39:13,technical,medium,in_progress,
1182,359,2024-07-03 21:20:10,technical,low,resolved,61.42
1183,15,2025-11-07 06:02:43,product,medium,in_progress,
1184,233,2025-10-11 22:39:32,account,urgent,resolved,14.47
1185,24,2023-11-20 04:17:09,billing,low,resolved,104.53
1186,379,2025-11-13 02:04:45,product,high,resolved,63.17
1187,263,2024-06-18 20:51:00,billing,low,in_progress,
1188,120,2025-04-03 06:55:57,billing,low,open,
1189,549,2024-11-08 06:30:42,shipping,low,open,
1190,555,2023-06-17 10:13:34,billing,medium,resolved,27.6
1191,73,2023-04-10 17:48:20,shipping,low,resolved,11.01
1192,563,2023-11-29 03:04:37,technical,medium,resolved,10.68
1193,291,2024-01-23 03:42:19,shipping,medium,in_progress,
1194,127,2024-07-02 14:05:03,shipping,high,resolved,19.37
1195,297,2024-07-28 01:17:22,account,low,resolved,55.69
1196,106,2025-12-17 19:51:46,billing,low,in_progress,
1197,111,2025-05-04 10:04:03,shipping,urgent,resolved,34.87
1198,207,2024-07-21 20:54:01,billing,high,resolved,80.18
1199,504,2024-08-15 14:34:41,product,low,resolved,61.51
1200,4,2023-08-31 18:17:39,account,high,open,
1201,265,2023-06-27 04:55:11,technical,urgent,open,
1202,404,2025-09-09 09:32:51,billing,low,resolved,29.8
1203,156,2025-08-27 18:00:49,shipping,low,resolved,62.4
1204,597,2025-10-17 02:23:13,billing,low,in_progress,
1205,4,2023-03-09 00:06:25,shipping,low,resolved,105.63
1206,207,2023-11-11 20:11:40,technical,high,resolved,58.52
1207,221,2025-08-07 06:29:01,product,high,resolved,112.87
1208,134,2025-09-29 11:58:13,shipping,low,resolved,90.38
1209,20,2024-05-30 16:15:17,product,low,resolved,27.62
1210,513,2025-06-24 07:42:48,billing,medium,in_progress,
1211,39,2025-11-16 18:07:14,technical,high,open,
1212,441,2023-08-29 10:02:24,product,medium,in_progress,
1213,9,2024-12-09 04:37:13,shipping,medium,resolved,72.08
1214,434,2025-02-08 06:52:48,account,medium,open,
1215,566,2025-04-29 20:54:54,product,low,in_progress,
1216,374,2025-05-12 04:27:26,shipping,medium,open,
1217,393,2023-01-01 08:07:37,shipping,low,resolved,110.45
1218,181,2023-02-27 09:30:36,technical,medium,resolved,42.95
1219,522,2023-12-31 09:17:22,billing,medium,resolved,54.37
1220,100,2025-04-24 12:46:08,billing,low,resolved,51.64
1221,513,2023-12-15 10:55:27,billing,medium,resolved,29.9
1222,40,2024-08-14 21:56:53,product,medium,resolved,68.65
1223,314,2024-08-18 07:52:22,shipping,high,in_progress,
1224,119,2025-01-14 11:18:30,billing,low,open,
1225,174,2024-05-08 00:09:04,billing,low,open,
1226,566,2025-02-02 15:13:46,billing,low,open,
1227,508,2023-08-15 18:27:11,shipping,medium,resolved,92.86
1228,77,2024-12-07 08:33:37,technical,low,resolved,24.56
1229,374,2023-07-03 11:45:56,shipping,high,resolved,113.72
1230,419,2025-02-15 03:37:25,account,medium,resolved,37.22
1231,296,2025-12-30 22:48:10,technical,medium,resolved,95.46
1232,410,2024-04-25 01:04:33,technical,urgent,resolved,95.25
1233,210,2023-11-07 12:28:37,account,high,resolved,30.17
1234,434,2024-10-22 22:55:45,account,low,resolved,14.15
1235,400,2024-12-28 03:14:24,shipping,high,resolved,47.27
1236,73,2024-11-18 10:28:07,billing,low,resolved,64.2
1237,545,2024-06-01 16:05:41,shipping,medium,resolved,44.37
1238,397,2025-12-08 04:15:00,account,medium,resolved,84.48
1239,508,2024-08-21 05:00:37,technical,low,open,
1240,6,2023-02-11 01:03:06,technical,low,resolved,29.7
1241,297,2024-08-19 15:43:14,technical,medium,resolved,11.16
1242,393,2025-02-13 09:09:14,account,medium,resolved,43.82
1243,495,2024-01-29 14:37:02,account,medium,resolved,61.8
1244,322,2025-08-16 18:28:50,technical,medium,open,
1245,106,2023-01-02 19:04:00,billing,high,resolved,73.18
1246,232,2024-01-10 18:58:36,account,low,resolved,106.95
1247,137,2024-06-28 05:54:56,technical,high,resolved,83.39
1248,275,2024-01-01 18:55:52,technical,medium,resolved,64.35
1249,92,2025-02-15 02:44:13,technical,medium,resolved,12.81
1250,73,2024-08-13 14:31:18,product,medium,open,
1251,136,2025-11-13 22:08:25,billing,low,resolved,98.63
1252,437,2024-09-13 23:54:45,product,low,in_progress,
1253,280,2024-05-27 10:30:04,billing,low,in_progress,
1254,268,2024-01-25 20:13:57,product,medium,open,
1255,430,2024-10-10 04:08:10,billing,urgent,resolved,47.27
1256,497,2024-08-05 11:26:46,technical,medium,in_progress,
1257,158,2024-07-23 01:41:52,technical,low,open,
1258,591,2025-11-29 08:14:59,technical,high,in_progress,
1259,75,2024-11-26 20:57:38,shipping,high,in_progress,
1260,373,2025-08-16 16:21:39,product,medium,resolved,106.49
1261,209,2024-10-30 02:48:31,product,medium,open,
1262,357,2023-03-23 06:40:55,technical,low,open,
1263,260,2025-10-21 22:24:19,technical,high,resolved,28.24
1264,403,2025-01-01 00:42:41,billing,low,resolved,108.73
1265,37,2024-04-23 22:11:16,technical,high,open,
1266,572,2024-03-10 00:52:30,product,low,open,
1267,220,2023-08-01 12:08:50,account,low,open,
1268,427,2024-09-17 18:20:21,technical,medium,open,
1269,171,2023-02-20 11:34:37,technical,medium,resolved,45.98
1270,385,2025-05-12 20:37:08,account,medium,open,
1271,373,2024-02-09 22:58:34,billing,medium,resolved,30.84
1272,231,2023-01-20 18:08:37,product,low,resolved,101.21
1273,368,2023-12-01 22:11:46,technical,medium,resolved,80.4
1274,400,2024-06-22 22:27:24,technical,low,resolved,9.89
1275,282,2025-01-19 17:25:03,account,medium,resolved,64.85
1276,410,2024-08-24 07:35:19,billing,low,resolved,2.6
1277,514,2023-04-13 15:14:52,billing,high,resolved,90.49
1278,563,2025-03-01 17:27:28,shipping,low,resolved,5.39
1279,517,2023-04-21 02:14:00,billing,high,resolved,57.62
1280,441,2025-06-07 15:17:24,technical,medium,resolved,39.05
1281,129,2025-08-12 17:19:36,shipping,high,open,
1282,274,2023-07-03 17:53:18,product,medium,resolved,61.41
1283,93,2023-12-21 17:42:44,account,high,resolved,44.43
1284,460,2025-05-26 20:48:27,product,low,resolved,77.87
1285,60,2023-11-19 18:25:24,billing,medium,in_progress,
1286,161,2025-03-22 20:10:08,technical,low,resolved,9.22
1287,24,2025-12-16 17:34:54,account,low,resolved,82.26
1288,587,2024-02-23 10:53:04,billing,high,resolved,42.22
1289,5,2025-12-30 21:18:21,shipping,medium,resolved,47.35
1290,408,2023-01-29 05:46:15,billing,medium,resolved,47.39
1291,173,2025-07-18 04:33:28,shipping,low,open,
1292,155,2025-11-28 07:43:41,shipping,medium,resolved,97.04
1293,434,2024-08-25 17:54:50,billing,low,in_progress,
1294,200,2025-06-17 15:08:42,account,low,in_progress,
1295,398,2023-06-06 07:55:44,billing,medium,resolved,14.96
1296,599,2024-03-29 08:32:51,technical,low,resolved,44.57
1297,586,2023-02-06 06:38:14,technical,medium,resolved,98.71
1298,528,2025-10-28 23:56:58,billing,medium,resolved,104.5
1299,396,2024-12-07 12:53:47,shipping,medium,resolved,29.02
1300,170,2025-01-15 17:26:20,billing,high,in_progress,
