user_id,name,email,signup_date,country,acquisition_channel,plan_tier,is_active
1,User 1,user1@example.com,2023-02-14,US,paid_search,basic,True
2,User 2,user2@example.com,2024-03-05,UK,paid_social,free,True
3,User 3,,2025-05-29,FR,organic,free,True
4,User 4,user4@example.com,2025-12-06,IN,paid_social,basic,True
5,User 5,user5@example.com,2023-09-21,IN,organic,free,True
6,User 6,,2023-06-14,IN,referral,free,False
7,User 7,user7@example.com,2024-02-11,IN,paid_search,free,False
8,User 8,user8@example.com,2023-05-07,BR,paid_social,free,True
9,User 9,user9@example.com,2025-02-15,BR,paid_search,free,True
10,User 10,user10@example.com,2023-04-21,NL,organic,free,False
11,User 11,user11@example.com,2024-02-17,UK,partner,basic,False
12,User 12,user12@example.com,2024-03-21,US,paid_social,pro,True
13,User 13,user13@example.com,2023-02-14,US,paid_search,pro,True
14,User 14,user14@example.com,2025-05-15,DE,organic,free,False
15,User 15,user15@example.com,2023-07-13,US,direct,basic,True
16,User 16,user16@example.com,2022-07-11,BR,paid_search,free,False
17,User 17,user17@example.com,2025-03-25,IN,direct,free,True
18,User 18,user18@example.com,2025-11-13,US,organic,free,True
19,User 19,user19@example.com,2022-10-05,US,organic,basic,True
20,User 20,user20@example.com,2024-06-13,AU,referral,free,False
21,User 21,user21@example.com,2022-11-13,IN,direct,free,True
22,User 22,user22@example.com,2024-01-12,IN,paid_search,pro,True
23,User 23,user23@example.com,2025-11-09,CA,partner,pro,True
24,User 24,user24@example.com,2023-01-26,UK,organic,basic,True
25,User 25,user25@example.com,2022-11-16,US,direct,free,True
26,User 26,user26@example.com,2023-08-07,UK,paid_search,free,True
27,User 27,user27@example.com,2024-07-13,DE,direct,basic,False
28,User 28,user28@example.com,2023-12-30,US,paid_social,enterprise,True
29,User 29,user29@example.com,2022-10-03,BR,organic,basic,True
30,User 30,user30@example.com,2023-03-21,CA,organic,pro,True
31,User 31,user31@example.com,2025-08-13,US,referral,basic,True
32,User 32,user32@example.com,2025-06-06,IN,organic,free,True
33,User 33,user33@example.com,2025-03-19,UK,paid_search,free,False
34,User 34,user34@example.com,2022-07-05,AU,organic,free,True
35,User 35,user35@example.com,2023-09-04,SG,organic,basic,True
36,User 36,user36@example.com,2025-09-11,IN,paid_search,pro,True
37,User 37,user37@example.com,2024-01-19,FR,organic,free,True
38,User 38,user38@example.com,2023-05-06,FR,partner,enterprise,True
39,User 39,user39@example.com,2024-03-28,US,paid_search,pro,False
40,User 40,user40@example.com,2022-10-27,IN,paid_social,basic,False
41,User 41,user41@example.com,2022-11-26,DE,direct,free,False
42,User 42,user42@example.com,2024-02-22,US,paid_social,free,True
43,User 43,user43@example.com,2022-09-21,SG,direct,pro,True
44,User 44,user44@example.com,2022-11-04,US,organic,free,False
45,User 45,,2023-07-24,UK,partner,free,False
46,User 46,user46@example.com,2024-07-26,AU,paid_social,free,True
47,User 47,user47@example.com,2022-10-16,UK,partner,free,True
48,User 48,user48@example.com,2023-10-18,AU,paid_social,free,True
49,User 49,user49@example.com,2024-05-08,SG,paid_social,free,True
50,User 50,user50@example.com,2024-02-11,US,direct,basic,True
51,User 51,user51@example.com,2023-11-24,DE,organic,basic,True
52,User 52,user52@example.com,2023-12-17,DE,paid_search,basic,True
53,User 53,user53@example.com,2024-12-14,US,paid_search,basic,True
54,User 54,user54@example.com,2025-01-11,US,direct,free,True
55,User 55,user55@example.com,2023-01-21,IN,paid_search,free,True
56,User 56,user56@example.com,2025-07-16,IN,direct,free,True
57,User 57,user57@example.com,2022-09-15,IN,direct,free,True
58,User 58,user58@example.com,2023-01-03,CA,direct,free,True
59,User 59,,2023-08-01,UK,organic,free,True
60,User 60,user60@example.com,2025-05-17,BR,paid_search,basic,True
61,User 61,user61@example.com,2024-07-28,IN,paid_search,basic,True
62,User 62,user62@example.com,2025-03-01,US,referral,free,True
63,User 63,user63@example.com,2024-07-13,UK,organic,free,True
64,User 64,user64@example.com,2024-03-11,CA,organic,free,True
65,User 65,user65@example.com,2023-11-02,IN,paid_search,basic,True
66,User 66,user66@example.com,2023-01-16,BR,paid_search,free,False
67,User 67,user67@example.com,2025-09-17,FR,direct,pro,True
68,User 68,user68@example.com,2024-03-24,US,partner,free,True
69,User 69,user69@example.com,2025-10-16,SG,paid_social,free,True
70,User 70,user70@example.com,2023-06-01,US,paid_search,free,True
71,User 71,user71@example.com,2022-11-28,US,organic,free,True
72,User 72,user72@example.com,2023-08-14,UK,direct,free,True
73,User 73,user73@example.com,2022-12-24,BR,direct,pro,False
74,User 74,user74@example.com,2023-12-06,DE,paid_search,free,True
75,User 75,user75@example.com,2025-01-17,SG,direct,free,True
76,User 76,user76@example.com,2024-05-30,NL,paid_social,free,True
77,User 77,user77@example.com,2022-07-25,FR,paid_search,basic,True
78,User 78,user78@example.com,2023-02-25,CA,organic,pro,True
79,User 79,user79@example.com,2023-10-06,AU,paid_search,free,True
80,User 80,user80@example.com,2024-06-19,AU,organic,free,True
81,User 81,user81@example.com,2024-04-29,US,paid_social,free,True
82,User 82,user82@example.com,2024-01-15,SG,paid_search,basic,True
83,User 83,user83@example.com,2024-04-13,US,paid_search,free,True
84,User 84,user84@example.com,2023-02-12,US,direct,free,True
85,User 85,user85@example.com,2025-11-15,SG,direct,free,True
86,User 86,user86@example.com,2023-04-24,US,paid_search,basic,True
87,User 87,user87@example.com,2025-07-21,NL,direct,free,True
88,User 88,user88@example.com,2023-06-27,DE,paid_search,pro,True
89,User 89,user89@example.com,2024-10-11,NL,paid_social,basic,True
90,User 90,user90@example.com,2023-11-29,BR,direct,free,True
91,User 91,user91@example.com,2024-04-10,BR,paid_search,basic,True
92,User 92,user92@example.com,2023-08-19,CA,direct,free,True
93,User 93,user93@example.com,2023-12-26,US,organic,free,True
94,User 94,user94@example.com,2022-10-17,IN,paid_social,basic,True
95,User 95,user95@example.com,2025-08-04,US,paid_search,free,True
96,User 96,user96@example.com,2025-03-27,US,direct,free,True
97,User 97,user97@example.com,2024-03-22,IN,paid_search,free,True
98,User 98,user98@example.com,2024-10-17,FR,organic,free,True
99,User 99,user99@example.com,2022-07-26,IN,paid_search,free,True
100,User 100,user100@example.com,2025-10-15,FR,paid_search,free,True
101,User 101,user101@example.com,2022-10-19,AU,paid_search,free,True
102,User 102,user102@example.com,2024-11-26,FR,organic,pro,False
103,User 103,user103@example.com,2025-11-08,UK,organic,enterprise,True
104,User 104,user104@example.com,2025-02-06,CA,paid_search,free,True
105,User 105,user105@example.com,2025-05-28,UK,referral,free,True
106,User 106,user106@example.com,2025-09-02,US,paid_social,basic,False
107,User 107,user107@example.com,2023-11-22,US,organic,basic,True
108,User 108,user108@example.com,2023-10-16,US,organic,free,True
109,User 109,user109@example.com,2022-12-20,US,organic,basic,False
110,User 110,user110@example.com,2023-11-29,IN,paid_search,free,True
111,User 111,user111@example.com,2022-11-11,US,paid_social,basic,True
112,User 112,user112@example.com,2025-08-11,UK,organic,free,True
113,User 113,user113@example.com,2024-11-02,FR,organic,free,True
114,User 114,user114@example.com,2022-07-15,SG,organic,free,True
115,User 115,user115@example.com,2025-08-04,US,referral,pro,True
116,User 116,user116@example.com,2025-08-19,US,paid_social,free,True
117,User 117,user117@example.com,2023-05-02,FR,paid_social,pro,True
118,User 118,user118@example.com,2022-12-10,DE,direct,free,True
119,User 119,user119@example.com,2025-05-03,US,partner,pro,True
120,User 120,,2024-08-04,US,partner,free,True
121,User 121,user121@example.com,2025-07-20,IN,organic,pro,True
122,User 122,user122@example.com,2025-04-21,AU,paid_search,free,True
123,User 123,user123@example.com,2022-10-24,AU,organic,basic,True
124,User 124,user124@example.com,2025-03-01,UK,paid_social,basic,True
125,User 125,user125@example.com,2022-12-19,BR,organic,free,True
126,User 126,user126@example.com,2023-07-07,DE,paid_search,basic,True
127,User 127,user127@example.com,2024-06-02,US,organic,basic,True
128,User 128,user128@example.com,2024-12-11,NL,paid_search,pro,True
129,User 129,user129@example.com,2025-01-30,US,paid_search,free,False
130,User 130,user130@example.com,2023-04-09,CA,organic,free,True
131,User 131,user131@example.com,2024-03-18,UK,direct,enterprise,True
132,User 132,user132@example.com,2024-05-24,DE,direct,free,True
133,User 133,user133@example.com,2024-12-22,US,referral,basic,True
134,User 134,user134@example.com,2025-01-11,UK,partner,pro,True
135,User 135,user135@example.com,2024-07-30,US,paid_social,free,True
136,User 136,user136@example.com,2023-10-11,FR,paid_search,pro,True
137,User 137,user137@example.com,2025-04-07,US,referral,pro,True
138,User 138,user138@example.com,2022-08-19,DE,paid_social,free,True
139,User 139,user139@example.com,2025-09-12,US,paid_social,basic,True
140,User 140,user140@example.com,2025-09-21,CA,direct,basic,True
141,User 141,user141@example.com,2025-07-26,US,direct,free,True
142,User 142,user142@example.com,2023-06-15,AU,organic,free,True
143,User 143,user143@example.com,2024-04-03,DE,paid_social,free,True
144,User 144,user144@example.com,2023-04-28,AU,referral,basic,True
145,User 145,user145@example.com,2025-10-30,IN,direct,free,True
146,User 146,user146@example.com,2025-03-31,AU,paid_search,free,True
147,User 147,user147@example.com,2024-10-05,FR,referral,pro,False
148,User 148,user148@example.com,2023-01-20,AU,paid_search,pro,True
149,User 149,user149@example.com,2024-07-29,US,paid_search,pro,True
150,User 150,user150@example.com,2023-11-04,UK,referral,pro,True
151,User 151,user151@example.com,2024-05-22,US,organic,free,True
152,User 152,user152@example.com,2022-12-03,DE,paid_social,free,True
153,User 153,user153@example.com,2024-12-09,US,paid_social,pro,True
154,User 154,user154@example.com,2023-05-25,US,direct,free,False
155,User 155,user155@example.com,2024-11-29,US,direct,pro,True
156,User 156,user156@example.com,2025-02-23,BR,paid_social,basic,True
157,User 157,user157@example.com,2023-05-27,US,organic,free,True
158,User 158,user158@example.com,2024-02-14,UK,paid_search,free,True
159,User 159,user159@example.com,2025-05-13,IN,organic,pro,True
160,User 160,,2025-12-01,UK,paid_social,basic,True
161,User 161,,2025-01-06,US,paid_search,pro,True
162,User 162,user162@example.com,2025-08-15,BR,organic,free,False
163,User 163,user163@example.com,2025-03-08,SG,partner,basic,True
164,User 164,user164@example.com,2025-02-09,US,paid_social,free,False
165,User 165,user165@example.com,2025-05-25,US,paid_search,free,True
166,User 166,user166@example.com,2024-02-14,FR,direct,pro,True
167,User 167,user167@example.com,2023-09-25,AU,paid_search,free,True
168,User 168,user168@example.com,2025-02-25,US,organic,basic,True
169,User 169,user169@example.com,2025-10-24,UK,paid_social,free,True
170,User 170,user170@example.com,2024-10-15,IN,referral,free,True
171,User 171,user171@example.com,2022-11-12,US,direct,basic,True
172,User 172,user172@example.com,2024-12-15,IN,paid_social,free,False
173,User 173,user173@example.com,2024-10-08,UK,paid_social,free,True
174,User 174,user174@example.com,2023-02-12,FR,referral,free,True
175,User 175,,2025-06-24,IN,organic,free,True
176,User 176,user176@example.com,2024-04-05,IN,paid_search,free,True
177,User 177,user177@example.com,2025-08-29,UK,referral,free,True
178,User 178,user178@example.com,2025-06-18,DE,referral,free,True
179,User 179,user179@example.com,2024-04-30,US,paid_search,basic,True
180,User 180,user180@example.com,2025-02-23,US,direct,free,True
181,User 181,user181@example.com,2023-08-03,US,referral,free,True
182,User 182,user182@example.com,2022-07-27,CA,organic,pro,True
183,User 183,user183@example.com,2024-07-24,NL,referral,basic,True
184,User 184,user184@example.com,2023-08-14,SG,direct,free,True
185,User 185,user185@example.com,2025-01-15,SG,paid_social,pro,True
186,User 186,user186@example.com,2023-12-05,DE,organic,basic,True
187,User 187,user187@example.com,2024-11-19,DE,referral,pro,True
188,User 188,user188@example.com,2025-10-21,US,direct,free,True
189,User 189,user189@example.com,2023-08-24,SG,direct,basic,True
190,User 190,user190@example.com,2023-08-13,SG,paid_search,pro,True
191,User 191,user191@example.com,2025-07-17,SG,paid_social,basic,True
192,User 192,user192@example.com,2025-12-04,NL,partner,free,True
193,User 193,user193@example.com,2023-02-25,IN,referral,pro,True
194,User 194,user194@example.com,2024-12-11,BR,paid_search,basic,True
195,User 195,user195@example.com,2024-02-28,IN,organic,basic,True
196,User 196,user196@example.com,2022-11-20,US,paid_social,pro,True
197,User 197,user197@example.com,2023-11-08,AU,direct,basic,True
198,User 198,user198@example.com,2024-08-11,IN,paid_search,basic,True
199,User 199,user199@example.com,2023-03-15,IN,paid_social,free,True
200,User 200,user200@example.com,2024-11-04,US,organic,free,True
201,User 201,user201@example.com,2023-04-20,US,partner,basic,True
202,User 202,user202@example.com,2023-06-23,US,paid_search,free,True
203,User 203,user203@example.com,2023-08-19,AU,partner,pro,True
204,User 204,user204@example.com,2024-09-27,US,referral,pro,False
205,User 205,user205@example.com,2023-01-30,US,paid_search,pro,True
206,User 206,user206@example.com,2023-05-04,FR,organic,free,True
207,User 207,user207@example.com,2025-08-18,FR,referral,free,True
208,User 208,user208@example.com,2024-12-22,US,paid_social,free,True
209,User 209,user209@example.com,2024-06-04,AU,paid_search,free,True
210,User 210,user210@example.com,2025-06-07,AU,organic,free,True
211,User 211,user211@example.com,2025-01-02,IN,paid_search,free,True
212,User 212,user212@example.com,2024-01-10,UK,referral,basic,True
213,User 213,user213@example.com,2024-02-18,US,organic,free,False
214,User 214,user214@example.com,2023-07-01,US,organic,free,True
215,User 215,user215@example.com,2022-10-20,IN,paid_search,free,True
216,User 216,user216@example.com,2025-02-05,SG,organic,free,True
217,User 217,user217@example.com,2025-03-12,IN,paid_search,free,True
218,User 218,user218@example.com,2024-09-05,CA,paid_social,free,True
219,User 219,user219@example.com,2023-03-06,UK,partner,free,False
220,User 220,user220@example.com,2024-07-22,CA,organic,free,True
221,User 221,user221@example.com,2023-02-11,UK,paid_search,free,True
222,User 222,user222@example.com,2025-11-13,BR,organic,free,True
223,User 223,user223@example.com,2025-08-02,US,direct,free,False
224,User 224,user224@example.com,2024-10-06,DE,organic,free,True
225,User 225,user225@example.com,2024-08-15,DE,organic,basic,True
226,User 226,user226@example.com,2022-07-24,UK,organic,free,False
227,User 227,user227@example.com,2024-09-11,AU,organic,basic,True
228,User 228,user228@example.com,2024-04-12,FR,referral,basic,True
229,User 229,user229@example.com,2025-03-02,IN,direct,free,True
230,User 230,user230@example.com,2025-11-14,US,paid_social,free,True
231,User 231,user231@example.com,2024-03-23,IN,organic,basic,True
232,User 232,user232@example.com,2023-05-21,BR,organic,basic,True
233,User 233,user233@example.com,2023-04-02,US,direct,free,True
234,User 234,user234@example.com,2025-10-06,US,organic,free,True
235,User 235,user235@example.com,2024-06-28,AU,paid_social,free,True
236,User 236,user236@example.com,2023-02-08,US,partner,free,True
237,User 237,user237@example.com,2023-01-22,AU,organic,free,False
238,User 238,user238@example.com,2023-01-10,IN,organic,pro,True
239,User 239,user239@example.com,2025-07-07,BR,paid_social,basic,True
240,User 240,user240@example.com,2024-03-16,AU,partner,basic,False
241,User 241,user241@example.com,2025-09-17,UK,direct,pro,False
242,User 242,user242@example.com,2023-09-13,US,organic,free,True
243,User 243,user243@example.com,2025-10-06,UK,organic,basic,False
244,User 244,user244@example.com,2024-10-21,AU,organic,free,True
245,User 245,user245@example.com,2023-11-29,AU,paid_social,free,True
246,User 246,,2022-07-17,IN,paid_search,free,True
247,User 247,user247@example.com,2022-08-27,FR,referral,free,True
248,User 248,user248@example.com,2023-01-17,UK,organic,free,True
249,User 249,user249@example.com,2025-02-18,US,paid_search,free,True
250,User 250,user250@example.com,2024-03-17,IN,organic,free,True
251,User 251,user251@example.com,2024-06-13,US,paid_social,free,True
252,User 252,user252@example.com,2023-09-21,SG,paid_search,free,True
253,User 253,user253@example.com,2025-09-26,NL,organic,free,False
254,User 254,user254@example.com,2025-01-14,US,direct,basic,True
255,User 255,user255@example.com,2024-05-24,FR,organic,free,True
256,User 256,user256@example.com,2025-09-12,UK,paid_social,free,True
257,User 257,user257@example.com,2022-09-03,AU,organic,pro,True
258,User 258,user258@example.com,2022-07-06,US,organic,pro,True
259,User 259,user259@example.com,2023-03-17,US,paid_social,basic,True
260,User 260,user260@example.com,2025-05-11,IN,paid_search,free,True
261,User 261,user261@example.com,2025-10-01,DE,organic,free,True
262,User 262,user262@example.com,2025-05-14,SG,referral,basic,True
263,User 263,user263@example.com,2022-10-10,US,organic,free,True
264,User 264,user264@example.com,2024-06-19,UK,organic,free,True
265,User 265,user265@example.com,2024-07-11,SG,partner,free,True
266,User 266,user266@example.com,2023-05-31,US,partner,free,False
267,User 267,user267@example.com,2024-05-01,US,paid_search,pro,True
268,User 268,user268@example.com,2024-04-29,CA,paid_search,free,True
269,User 269,user269@example.com,2025-02-16,US,partner,free,True
270,User 270,user270@example.com,2025-06-24,IN,paid_search,free,True
271,User 271,user271@example.com,2025-10-03,US,paid_search,basic,True
272,User 272,user272@example.com,2025-06-13,US,direct,basic,True
273,User 273,user273@example.com,2024-01-06,FR,direct,free,False
274,User 274,user274@example.com,2022-11-09,UK,paid_social,pro,True
275,User 275,user275@example.com,2025-05-05,FR,partner,free,True
276,User 276,user276@example.com,2024-09-09,US,organic,basic,True
277,User 277,user277@example.com,2023-12-15,US,paid_social,basic,True
278,User 278,user278@example.com,2023-05-26,US,paid_search,free,True
279,User 279,user279@example.com,2025-08-24,CA,paid_social,free,False
280,User 280,user280@example.com,2024-08-14,CA,organic,free,True
281,User 281,user281@example.com,2025-06-05,UK,referral,free,True
282,User 282,user282@example.com,2023-07-16,BR,paid_social,basic,True
283,User 283,user283@example.com,2025-02-13,SG,paid_social,pro,True
284,User 284,user284@example.com,2025-11-04,US,organic,free,True
285,User 285,user285@example.com,2024-02-09,DE,organic,free,True
286,User 286,user286@example.com,2025-10-08,UK,paid_search,free,True
287,User 287,user287@example.com,2022-11-19,AU,partner,basic,False
288,User 288,user288@example.com,2023-11-05,CA,direct,basic,True
289,User 289,user289@example.com,2023-12-16,BR,referral,pro,True
290,User 290,user290@example.com,2022-09-08,FR,organic,basic,True
291,User 291,user291@example.com,2022-09-09,FR,partner,basic,True
292,User 292,user292@example.com,2023-06-06,DE,organic,free,True
293,User 293,user293@example.com,2022-11-19,IN,organic,free,True
294,User 294,user294@example.com,2023-06-06,US,organic,free,True
295,User 295,user295@example.com,2024-08-03,CA,paid_social,free,True
296,User 296,user296@example.com,2024-07-09,IN,paid_social,free,True
297,User 297,user297@example.com,2022-07-18,CA,paid_search,pro,True
298,User 298,user298@example.com,2023-11-27,DE,paid_search,basic,True
299,User 299,user299@example.com,2023-04-16,BR,organic,free,True
300,User 300,user300@example.com,2025-12-16,AU,paid_social,pro,True
301,User 301,user301@example.com,2022-09-07,US,direct,free,True
302,User 302,user302@example.com,2023-08-19,DE,organic,free,False
303,User 303,user303@example.com,2025-01-30,FR,paid_search,basic,True
304,User 304,user304@example.com,2025-04-04,SG,paid_social,free,True
305,User 305,user305@example.com,2022-07-10,US,paid_search,free,True
306,User 306,user306@example.com,2023-11-09,CA,direct,pro,True
307,User 307,user307@example.com,2022-10-11,US,paid_search,free,True
308,User 308,user308@example.com,2022-10-18,CA,organic,free,False
309,User 309,user309@example.com,2023-07-21,CA,partner,free,True
310,User 310,user310@example.com,2023-02-21,SG,organic,free,True
311,User 311,user311@example.com,2025-03-22,IN,paid_search,free,True
312,User 312,user312@example.com,2024-08-29,US,referral,basic,True
313,User 313,user313@example.com,2024-12-18,DE,organic,pro,False
314,User 314,user314@example.com,2025-10-24,BR,paid_search,basic,False
315,User 315,user315@example.com,2023-12-21,IN,organic,pro,True
316,User 316,user316@example.com,2024-05-08,BR,organic,basic,True
317,User 317,user317@example.com,2024-02-01,BR,paid_search,pro,True
318,User 318,user318@example.com,2025-06-28,US,paid_search,free,True
319,User 319,user319@example.com,2023-08-31,US,paid_social,free,True
320,User 320,user320@example.com,2024-05-13,UK,direct,free,False
321,User 321,user321@example.com,2024-03-15,US,paid_search,free,True
322,User 322,user322@example.com,2022-11-27,CA,paid_social,basic,True
323,User 323,user323@example.com,2022-12-07,CA,paid_social,basic,True
324,User 324,user324@example.com,2025-11-27,UK,partner,pro,False
325,User 325,user325@example.com,2025-02-18,IN,organic,free,True
326,User 326,user326@example.com,2022-09-20,US,paid_search,free,True
327,User 327,user327@example.com,2024-03-01,UK,organic,free,True
328,User 328,user328@example.com,2024-05-16,BR,paid_search,free,False
329,User 329,user329@example.com,2023-11-07,CA,organic,free,True
330,User 330,user330@example.com,2025-08-14,SG,partner,free,True
331,User 331,user331@example.com,2025-12-07,IN,organic,free,True
332,User 332,user332@example.com,2024-09-23,US,paid_social,free,True
333,User 333,user333@example.com,2023-01-21,AU,direct,pro,True
334,User 334,user334@example.com,2023-01-01,NL,paid_social,free,False
335,User 335,user335@example.com,2022-11-12,US,partner,basic,False
336,User 336,,2025-07-22,SG,paid_search,free,True
337,User 337,user337@example.com,2023-08-15,NL,organic,free,True
338,User 338,user338@example.com,2022-11-11,AU,organic,basic,True
339,User 339,user339@example.com,2022-11-24,US,direct,basic,False
340,User 340,user340@example.com,2022-12-17,US,paid_search,free,True
341,User 341,user341@example.com,2025-02-28,US,paid_social,basic,True
342,User 342,user342@example.com,2023-06-11,IN,partner,pro,True
343,User 343,user343@example.com,2023-12-14,US,paid_search,free,True
344,User 344,user344@example.com,2024-09-16,FR,paid_search,pro,True
345,User 345,user345@example.com,2023-11-04,AU,direct,free,True
346,User 346,user346@example.com,2022-09-10,US,direct,basic,True
347,User 347,user347@example.com,2024-01-16,US,paid_social,free,True
348,User 348,user348@example.com,2025-06-25,BR,organic,free,True
349,User 349,,2025-04-20,CA,direct,basic,True
350,User 350,user350@example.com,2024-01-06,US,direct,free,True
351,User 351,user351@example.com,2025-07-15,IN,partner,free,True
352,User 352,user352@example.com,2023-10-09,FR,referral,free,True
353,User 353,user353@example.com,2022-12-02,US,organic,free,True
354,User 354,user354@example.com,2024-10-05,BR,referral,pro,True
355,User 355,user355@example.com,2025-08-07,DE,organic,free,True
356,User 356,user356@example.com,2023-08-14,CA,direct,pro,True
357,User 357,user357@example.com,2022-10-20,FR,paid_search,free,True
358,User 358,user358@example.com,2023-09-15,UK,direct,free,False
359,User 359,user359@example.com,2022-12-04,BR,paid_search,free,True
360,User 360,user360@example.com,2022-09-11,DE,organic,pro,True
361,User 361,user361@example.com,2022-09-12,CA,organic,free,True
362,User 362,user362@example.com,2024-09-12,IN,referral,free,True
363,User 363,user363@example.com,2023-07-01,FR,direct,free,True
364,User 364,user364@example.com,2022-11-24,SG,partner,free,True
365,User 365,user365@example.com,2022-08-14,IN,paid_social,basic,True
366,User 366,user366@example.com,2024-02-28,FR,organic,free,True
367,User 367,user367@example.com,2023-04-19,AU,paid_social,free,True
368,User 368,user368@example.com,2025-12-09,SG,paid_social,free,True
369,User 369,user369@example.com,2023-10-09,SG,organic,free,True
370,User 370,user370@example.com,2023-12-01,BR,organic,pro,True
371,User 371,user371@example.com,2025-04-27,AU,paid_search,free,True
372,User 372,user372@example.com,2022-07-05,DE,organic,free,True
373,User 373,user373@example.com,2022-12-18,AU,paid_search,free,True
374,User 374,user374@example.com,2023-02-25,US,organic,free,True
375,User 375,user375@example.com,2023-06-04,AU,paid_search,free,True
376,User 376,user376@example.com,2025-05-21,SG,organic,free,False
377,User 377,user377@example.com,2024-03-19,AU,paid_search,pro,False
378,User 378,user378@example.com,2023-05-27,CA,direct,free,True
379,User 379,,2024-07-01,DE,direct,pro,False
380,User 380,user380@example.com,2024-11-05,US,paid_search,free,False
381,User 381,user381@example.com,2024-11-24,SG,paid_social,enterprise,True
382,User 382,user382@example.com,2023-03-01,SG,organic,free,True
383,User 383,user383@example.com,2025-10-09,SG,paid_social,free,True
384,User 384,user384@example.com,2024-01-10,BR,partner,free,True
385,User 385,user385@example.com,2025-05-25,US,paid_search,pro,True
386,User 386,user386@example.com,2023-05-08,DE,partner,free,True
387,User 387,user387@example.com,2024-06-26,US,organic,free,True
388,User 388,user388@example.com,2025-07-28,DE,organic,free,True
389,User 389,user389@example.com,2024-08-15,US,direct,basic,True
390,User 390,user390@example.com,2022-08-27,CA,organic,free,True
391,User 391,user391@example.com,2023-02-11,SG,organic,basic,True
392,User 392,user392@example.com,2023-05-10,US,direct,free,True
393,User 393,user393@example.com,2023-06-06,US,organic,free,True
394,User 394,user394@example.com,2024-09-22,CA,direct,free,True
395,User 395,user395@example.com,2024-04-25,UK,paid_search,basic,True
396,User 396,user396@example.com,2025-02-19,NL,referral,pro,True
397,User 397,user397@example.com,2024-12-23,IN,direct,pro,True
398,User 398,user398@example.com,2025-07-16,BR,organic,free,False
399,User 399,user399@example.com,2023-07-07,UK,partner,free,False
400,User 400,user400@example.com,2025-10-26,BR,paid_search,free,False
401,User 401,user401@example.com,2022-08-27,US,organic,enterprise,True
402,User 402,user402@example.com,2024-08-20,NL,paid_social,basic,True
403,User 403,user403@example.com,2023-12-08,CA,organic,free,True
404,User 404,user404@example.com,2024-06-18,IN,organic,pro,True
405,User 405,user405@example.com,2023-09-11,AU,organic,free,True
406,User 406,user406@example.com,2023-04-01,CA,organic,basic,True
407,User 407,user407@example.com,2024-09-18,UK,organic,basic,False
408,User 408,user408@example.com,2023-03-31,CA,organic,free,True
409,User 409,user409@example.com,2024-06-28,SG,paid_search,basic,False
410,User 410,user410@example.com,2022-12-07,AU,organic,pro,True
411,User 411,user411@example.com,2024-05-07,US,referral,basic,True
412,User 412,user412@example.com,2023-09-29,DE,referral,free,True
413,User 413,user413@example.com,2024-05-08,US,paid_search,basic,True
414,User 414,user414@example.com,2024-08-02,IN,paid_search,basic,True
415,User 415,user415@example.com,2023-11-22,US,direct,basic,True
416,User 416,user416@example.com,2025-04-28,CA,paid_search,free,True
417,User 417,user417@example.com,2023-07-23,US,paid_search,basic,False
418,User 418,user418@example.com,2023-06-25,US,organic,pro,True
419,User 419,user419@example.com,2024-08-08,BR,organic,free,True
420,User 420,user420@example.com,2024-01-20,DE,organic,free,True
421,User 421,user421@example.com,2022-09-09,US,organic,free,True
422,User 422,user422@example.com,2025-03-13,IN,organic,free,False
423,User 423,user423@example.com,2023-01-19,IN,organic,free,True
424,User 424,user424@example.com,2023-08-14,CA,organic,free,True
425,User 425,user425@example.com,2023-11-15,BR,paid_social,free,True
426,User 426,user426@example.com,2024-09-14,US,paid_social,basic,True
427,User 427,user427@example.com,2025-03-25,SG,organic,basic,False
428,User 428,user428@example.com,2025-10-22,AU,referral,free,False
429,User 429,user429@example.com,2025-04-01,AU,direct,free,True
430,User 430,user430@example.com,2024-05-02,IN,paid_search,free,True
431,User 431,user431@example.com,2023-10-20,IN,paid_search,free,True
432,User 432,user432@example.com,2024-05-06,US,organic,free,True
433,User 433,user433@example.com,2023-06-04,IN,paid_search,basic,True
434,User 434,user434@example.com,2023-04-03,FR,direct,free,True
435,User 435,user435@example.com,2025-06-30,US,organic,free,True
436,User 436,user436@example.com,2022-12-05,US,direct,free,False
437,User 437,user437@example.com,2024-03-26,US,paid_search,pro,True
438,User 438,user438@example.com,2025-05-02,CA,paid_social,free,True
439,User 439,user439@example.com,2024-08-05,US,organic,free,True
440,User 440,user440@example.com,2025-01-14,US,paid_social,basic,True
441,User 441,user441@example.com,2023-10-08,US,organic,free,True
442,User 442,user442@example.com,2025-10-29,US,partner,basic,True
443,User 443,user443@example.com,2025-10-23,UK,organic,basic,True
444,User 444,user444@example.com,2025-09-07,IN,paid_social,basic,True
445,User 445,user445@example.com,2024-07-04,AU,partner,enterprise,True
446,User 446,user446@example.com,2025-09-28,FR,paid_search,free,True
447,User 447,user447@example.com,2024-04-25,CA,direct,free,True
448,User 448,user448@example.com,2024-01-30,UK,paid_search,basic,True
449,User 449,user449@example.com,2024-12-06,FR,referral,free,True
450,User 450,user450@example.com,2023-02-01,UK,paid_social,free,True
451,User 451,user451@example.com,2023-07-24,CA,paid_search,basic,True
452,User 452,user452@example.com,2022-07-27,UK,referral,free,True
453,User 453,user453@example.com,2024-08-01,UK,partner,free,True
454,User 454,user454@example.com,2022-11-20,CA,direct,free,True
455,User 455,user455@example.com,2023-02-23,NL,paid_search,free,True
456,User 456,user456@example.com,2024-05-02,IN,paid_social,free,True
457,User 457,user457@example.com,2024-01-13,NL,direct,free,False
458,User 458,user458@example.com,2025-05-17,FR,organic,free,True
459,User 459,user459@example.com,2023-05-12,UK,paid_search,free,True
460,User 460,user460@example.com,2023-08-11,IN,paid_search,basic,True
461,User 461,user461@example.com,2024-10-19,US,paid_search,enterprise,True
462,User 462,user462@example.com,2023-11-01,DE,organic,free,True
463,User 463,user463@example.com,2024-06-21,IN,paid_search,basic,True
464,User 464,user464@example.com,2023-10-31,US,paid_search,free,True
465,User 465,user465@example.com,2025-08-31,US,organic,free,True
466,User 466,user466@example.com,2023-03-09,FR,referral,free,False
467,User 467,user467@example.com,2024-09-28,DE,paid_search,free,True
468,User 468,user468@example.com,2024-10-09,UK,organic,free,True
469,User 469,user469@example.com,2024-05-31,IN,referral,free,True
470,User 470,user470@example.com,2025-11-09,US,paid_search,free,True
471,User 471,user471@example.com,2025-08-22,DE,organic,free,True
472,User 472,user472@example.com,2024-05-05,US,direct,free,True
473,User 473,user473@example.com,2023-11-30,US,paid_search,enterprise,True
474,User 474,user474@example.com,2023-02-24,CA,organic,free,True
475,User 475,user475@example.com,2025-08-31,AU,direct,basic,True
476,User 476,user476@example.com,2023-10-09,US,organic,pro,True
477,User 477,user477@example.com,2025-01-09,US,organic,basic,True
478,User 478,user478@example.com,2023-07-12,US,paid_search,pro,True
479,User 479,user479@example.com,2025-10-28,CA,organic,basic,True
480,User 480,user480@example.com,2023-03-27,US,paid_search,basic,True
481,User 481,,2022-12-13,SG,organic,basic,True
482,User 482,,2024-08-29,US,paid_search,pro,True
483,User 483,user483@example.com,2025-12-05,US,organic,free,True
484,User 484,user484@example.com,2025-06-18,UK,paid_social,pro,True
485,User 485,user485@example.com,2025-08-24,UK,paid_social,free,True
486,User 486,user486@example.com,2024-05-14,NL,partner,free,True
487,User 487,user487@example.com,2024-06-16,US,organic,free,True
488,User 488,user488@example.com,2023-08-08,IN,organic,free,True
489,User 489,user489@example.com,2023-01-06,US,direct,basic,True
490,User 490,user490@example.com,2023-07-13,CA,organic,free,True
491,User 491,user491@example.com,2024-08-31,NL,paid_social,free,True
492,User 492,user492@example.com,2023-01-10,CA,referral,free,True
493,User 493,user493@example.com,2022-08-03,IN,paid_search,free,False
494,User 494,user494@example.com,2024-03-16,IN,referral,basic,False
495,User 495,user495@example.com,2025-07-19,US,organic,free,True
496,User 496,user496@example.com,2023-09-17,IN,referral,basic,True
497,User 497,user497@example.com,2022-10-13,CA,paid_social,free,False
498,User 498,,2023-10-13,BR,organic,basic,True
499,User 499,user499@example.com,2024-07-03,US,direct,basic,True
500,User 500,user500@example.com,2025-02-06,CA,paid_social,basic,True
501,User 501,user501@example.com,2024-07-21,US,paid_social,basic,True
502,User 502,user502@example.com,2025-08-13,FR,direct,basic,True
503,User 503,user503@example.com,2024-10-20,FR,partner,basic,False
504,User 504,user504@example.com,2025-07-25,AU,organic,free,True
505,User 505,user505@example.com,2022-08-22,NL,organic,free,False
506,User 506,user506@example.com,2024-12-25,US,paid_search,free,True
507,User 507,user507@example.com,2024-10-21,FR,organic,basic,True
508,User 508,user508@example.com,2023-09-08,US,referral,pro,True
509,User 509,user509@example.com,2023-05-07,SG,partner,free,True
510,User 510,user510@example.com,2024-03-20,DE,paid_search,pro,True
511,User 511,user511@example.com,2023-11-17,US,paid_social,free,False
512,User 512,user512@example.com,2023-07-29,US,paid_search,basic,True
513,User 513,user513@example.com,2025-03-15,IN,organic,basic,True
514,User 514,user514@example.com,2022-07-09,BR,referral,free,True
515,User 515,user515@example.com,2025-12-08,US,paid_search,free,False
516,User 516,user516@example.com,2025-03-30,DE,paid_search,free,True
517,User 517,user517@example.com,2025-06-06,BR,paid_search,free,True
518,User 518,user518@example.com,2024-08-18,IN,direct,free,True
519,User 519,user519@example.com,2022-09-05,FR,paid_search,free,True
520,User 520,user520@example.com,2023-11-14,IN,organic,free,True
521,User 521,user521@example.com,2022-09-14,AU,partner,free,True
522,User 522,user522@example.com,2025-06-21,US,direct,pro,False
523,User 523,user523@example.com,2023-02-15,US,paid_social,free,True
524,User 524,user524@example.com,2022-11-23,US,organic,pro,False
525,User 525,user525@example.com,2025-06-17,IN,paid_search,free,True
526,User 526,user526@example.com,2023-05-30,US,direct,basic,True
527,User 527,user527@example.com,2024-06-17,FR,organic,free,True
528,User 528,user528@example.com,2024-08-24,UK,direct,free,True
529,User 529,user529@example.com,2023-08-17,US,direct,free,False
530,User 530,user530@example.com,2023-10-24,US,organic,free,True
531,User 531,user531@example.com,2023-09-19,US,paid_search,free,True
532,User 532,,2024-07-11,US,organic,free,True
533,User 533,user533@example.com,2024-10-25,IN,paid_search,free,False
534,User 534,user534@example.com,2024-05-24,SG,organic,free,True
535,User 535,user535@example.com,2024-03-04,US,organic,free,True
536,User 536,user536@example.com,2025-11-03,SG,paid_search,free,True
537,User 537,user537@example.com,2024-09-08,AU,direct,free,True
538,User 538,user538@example.com,2023-04-10,US,direct,free,False
539,User 539,user539@example.com,2025-12-07,US,partner,free,False
540,User 540,user540@example.com,2025-03-26,US,paid_search,free,True
541,User 541,user541@example.com,2025-06-12,US,referral,basic,True
542,User 542,user542@example.com,2023-09-13,US,paid_social,basic,True
543,User 543,user543@example.com,2023-06-06,DE,direct,basic,True
544,User 544,,2022-08-25,IN,direct,pro,True
545,User 545,user545@example.com,2025-01-12,CA,direct,free,True
546,User 546,user546@example.com,2024-11-03,US,direct,free,True
547,User 547,user547@example.com,2025-03-22,US,organic,free,True
548,User 548,user548@example.com,2024-11-21,UK,direct,free,True
549,User 549,user549@example.com,2024-09-08,US,organic,pro,False
550,User 550,user550@example.com,2025-03-06,CA,paid_search,basic,True
551,User 551,user551@example.com,2024-04-03,SG,paid_social,free,True
552,User 552,user552@example.com,2024-11-22,AU,direct,basic,True
553,User 553,user553@example.com,2024-12-16,NL,organic,free,True
554,User 554,user554@example.com,2024-09-02,US,organic,free,False
555,User 555,user555@example.com,2022-12-17,IN,paid_social,free,True
556,User 556,user556@example.com,2023-06-02,UK,direct,free,True
557,User 557,user557@example.com,2024-06-22,BR,paid_search,free,True
558,User 558,user558@example.com,2024-07-15,US,paid_search,basic,True
559,User 559,user559@example.com,2024-09-11,SG,referral,free,True
560,User 560,user560@example.com,2022-10-11,US,paid_social,free,False
561,User 561,user561@example.com,2022-07-17,FR,partner,free,True
562,User 562,user562@example.com,2023-06-08,SG,direct,basic,False
563,User 563,user563@example.com,2023-04-05,UK,organic,free,True
564,User 564,user564@example.com,2025-07-27,CA,partner,free,True
565,User 565,user565@example.com,2023-06-06,FR,direct,free,True
566,User 566,user566@example.com,2024-09-11,IN,referral,free,True
567,User 567,user567@example.com,2023-01-11,US,organic,free,True
568,User 568,user568@example.com,2023-05-14,AU,paid_social,free,True
569,User 569,user569@example.com,2023-09-06,US,organic,basic,True
570,User 570,user570@example.com,2023-03-08,US,paid_search,free,False
571,User 571,user571@example.com,2022-07-30,IN,organic,pro,True
572,User 572,user572@example.com,2022-12-02,US,organic,free,True
573,User 573,user573@example.com,2025-03-20,SG,referral,pro,True
574,User 574,user574@example.com,2025-08-04,BR,referral,basic,True
575,User 575,user575@example.com,2023-05-05,DE,paid_search,basic,True
576,User 576,user576@example.com,2024-12-10,SG,referral,free,True
577,User 577,user577@example.com,2022-09-24,AU,partner,pro,True
578,User 578,user578@example.com,2024-02-13,UK,referral,basic,True
579,User 579,user579@example.com,2024-06-16,IN,organic,free,True
580,User 580,user580@example.com,2024-07-29,US,organic,basic,True
581,User 581,user581@example.com,2022-12-15,US,paid_search,free,True
582,User 582,user582@example.com,2024-03-19,FR,organic,basic,False
583,User 583,user583@example.com,2023-09-15,NL,direct,free,True
584,User 584,user584@example.com,2023-03-12,US,direct,pro,True
585,User 585,user585@example.com,2023-10-31,AU,paid_search,free,True
586,User 586,user586@example.com,2025-12-16,UK,referral,free,True
587,User 587,user587@example.com,2025-08-17,BR,paid_search,basic,True
588,User 588,user588@example.com,2024-02-01,DE,partner,free,True
589,User 589,,2024-01-11,US,organic,free,True
590,User 590,user590@example.com,2022-11-04,IN,paid_search,free,True
591,User 591,user591@example.com,2024-04-23,CA,direct,basic,True
592,User 592,user592@example.com,2024-04-04,UK,referral,free,False
593,User 593,user593@example.com,2023-11-25,FR,organic,free,False
594,User 594,user594@example.com,2023-04-27,AU,paid_social,free,True
595,User 595,user595@example.com,2022-07-21,IN,referral,basic,True
596,User 596,user596@example.com,2024-05-29,US,paid_search,free,True
597,User 597,user597@example.com,2024-09-04,IN,direct,basic,True
598,User 598,user598@example.com,2025-02-15,AU,paid_search,free,True
599,User 599,user599@example.com,2024-01-25,FR,organic,enterprise,True
600,User 600,user600@example.com,2025-09-10,FR,direct,free,True
